country,year,pop,continent,lifeExp,gdpPercap,health_expenditure,gpd,drinking_water,literancy_rate,mortality_rate,gpd_trilhoes
Afghanistan,1952,8425333.0,Asia,28.801,779.4453145,,,,,,
Afghanistan,1957,9240934.0,Asia,30.332,820.8530296,,,,,,
Afghanistan,1962,10267083.0,Asia,31.997,853.10071,,,,,246.4,
Afghanistan,1967,11537966.0,Asia,34.02,836.1971382,,,,,232.4,
Afghanistan,1972,13079460.0,Asia,36.088,739.9811058,,,,,245.2,
Afghanistan,1977,14880372.0,Asia,38.438,786.11336,,,,,201.1,
Afghanistan,1982,12881816.0,Asia,39.854,978.0114388,,,,,199.1,
Afghanistan,1987,13867957.0,Asia,40.822,852.3959448,,,,,176.9,
Afghanistan,1992,16317921.0,Asia,41.674,649.3413952,,,,,137.2,
Afghanistan,1997,22227415.0,Asia,41.763,635.341351,,,,,119.6,
Afghanistan,2002,25268405.0,Asia,42.129,726.7340548,9.44339085,3825701438.99963,31.8360773279001,,104.3,3.83
Afghanistan,2007,31889923.0,Asia,43.828,974.5803384,9.90467453,9747886187.39393,42.4294955631251,,86.8,9.75
Albania,1952,1282697.0,Europe,55.23,1601.056136,,,,,,
Albania,1957,1476505.0,Europe,59.28,1942.284244,,,,,,
Albania,1962,1728137.0,Europe,64.82,2312.888958,,,,,,
Albania,1967,1984060.0,Europe,66.22,2760.196931,,,,,,
Albania,1972,2263554.0,Europe,67.69,3313.422188,,,,,,
Albania,1977,2509048.0,Europe,68.93,3533.00391,,,,,,
Albania,1982,2780097.0,Europe,70.42,3630.880722,,1861163170.16317,,,47.9,1.86
Albania,1987,3075321.0,Europe,72.0,3738.932735,,2080796250.0,,,32.5,2.08
Albania,1992,3326498.0,Europe,71.581,2497.437901,,652174990.837304,,,24.9,0.65
Albania,1997,3428038.0,Europe,72.95,3193.054604,,2293666029.99318,,,20.4,2.29
Albania,2002,3508512.0,Europe,75.651,4604.211737,5.59802675,4515003116.68036,87.4516361586881,,16.1,4.52
Albania,2007,3600523.0,Europe,76.423,5937.029526,5.85639858,11116937869.8568,90.0041896316486,,11.9,11.12
Algeria,1952,9279525.0,Africa,43.077,2449.008185,,,,,,
Algeria,1957,10270856.0,Africa,45.685,3013.976023,,,,,,
Algeria,1962,11000948.0,Africa,48.303,2550.81688,,2001444543.91885,,,161.3,2.0
Algeria,1967,12760499.0,Africa,51.407,3246.991771,,3370870376.29682,,,162.4,3.37
Algeria,1972,14760787.0,Africa,54.518,4182.663766,,6766743956.88889,,,152.5,6.77
Algeria,1977,17152804.0,Africa,58.014,4910.416756,,20972113684.9558,,,128.1,20.97
Algeria,1982,20033753.0,Africa,61.368,5745.160213,,45207167470.3497,,,86.8,45.21
Algeria,1987,23254956.0,Africa,65.799,5681.358539,,66745818375.493,,49.6300010681152,44.4,66.75
Algeria,1992,26298373.0,Africa,67.744,5023.216647,,48003133346.9957,,,39.5,48.0
Algeria,1997,29072015.0,Africa,69.152,4797.295051,,48177612042.1507,,,37.6,48.18
Algeria,2002,31287142.0,Africa,70.994,5288.040382,3.44169641,61516103406.1688,89.3436399760295,69.870002746582,32.5,61.52
Algeria,2007,33333216.0,Africa,72.301,6223.367465,3.62011433,142482739809.849,90.1767439508853,,26.9,142.48
Angola,1952,4232095.0,Africa,30.015,3520.610273,,,,,,
Angola,1957,4561361.0,Africa,31.999,3827.940465,,,,,,
Angola,1962,4826015.0,Africa,34.0,4269.276742,,,,,,
Angola,1967,5247469.0,Africa,35.985,5522.776375,,,,,,
Angola,1972,5894858.0,Africa,37.928,5473.288005,,,,,,
Angola,1977,6162675.0,Africa,39.483,3008.647355,,,,,,
Angola,1982,7016384.0,Africa,39.942,2756.953672,,5550483035.96497,,,121.7,5.55
Angola,1987,7874230.0,Africa,39.906,2430.208311,,8084412414.26566,,,117.8,8.08
Angola,1992,8735988.0,Africa,40.647,2627.845685,,8307810973.58848,,,119.0,8.31
Angola,1997,9875024.0,Africa,40.963,2277.140884,,7648380195.59902,,,117.2,7.65
Angola,2002,10866106.0,Africa,41.003,2773.287312,2.9398222,17311512432.451,38.8353924997189,,98.4,17.31
Angola,2007,12420476.0,Africa,42.731,4797.231267,2.65790844,73037821926.6813,46.4686546771725,,66.0,73.04
Argentina,1952,17876956.0,Americas,62.485,5911.315053,,,,,,
Argentina,1957,19610538.0,Americas,64.399,6856.856212,,,,,,
Argentina,1962,21283783.0,Americas,65.142,7133.166023,,18337691145.3688,,,,18.34
Argentina,1967,22934225.0,Americas,65.634,8052.953021,,24256667553.2569,,,,24.26
Argentina,1972,24779799.0,Americas,67.065,9443.038526,,34733000536.2862,,,58.0,34.73
Argentina,1977,26983828.0,Americas,68.481,10079.02674,,56781000101.0848,,,47.0,56.78
Argentina,1982,29341374.0,Americas,69.942,8997.897412,,84307486836.724,,,31.1,84.31
Argentina,1987,31620918.0,Americas,70.774,9139.671389,,108810885301.253,,,25.0,108.81
Argentina,1992,33958947.0,Americas,71.868,9308.41871,,228778917308.17,,,23.8,228.78
Argentina,1997,36203463.0,Americas,73.275,10967.28195,,292859000000.0,,,18.9,292.86
Argentina,2002,38331121.0,Americas,74.34,8797.640716,7.33203077,97724004251.8602,96.755473929203,,15.8,97.72
Argentina,2007,40301927.0,Americas,75.32,12779.37964,7.86196613,287530508430.568,97.8403603213706,,13.6,287.53
Australia,1952,8691212.0,Oceania,69.12,10039.59564,,,,,,
Australia,1957,9712569.0,Oceania,70.33,10949.64959,,,,,,
Australia,1962,10794968.0,Oceania,70.93,12217.22686,,19953923192.6277,,,19.5,19.95
Australia,1967,11872264.0,Oceania,71.1,14526.12465,,30487524878.004,,,18.3,30.49
Australia,1972,13177000.0,Oceania,71.93,16788.62948,,52117990654.2056,,,16.9,52.12
Australia,1977,14074100.0,Oceania,73.49,18334.19751,,110504702913.512,,,12.7,110.5
Australia,1982,15184200.0,Oceania,74.74,19477.00928,,194323071830.52,,,10.1,194.32
Australia,1987,16257249.0,Oceania,76.32,21888.88903,,189726707252.515,,,8.7,189.73
Australia,1992,17481977.0,Oceania,77.56,23424.76683,,325982966981.415,,,6.7,325.98
Australia,1997,18565243.0,Oceania,78.83,26997.93657,,436321902767.408,,,5.4,436.32
Australia,2002,19546792.0,Oceania,80.37,30687.75473,7.87221003,396436967262.563,99.7121919885478,,4.9,396.44
Australia,2007,20434176.0,Oceania,81.235,34435.36744,8.0517149,856603595823.192,99.8212480845919,,4.5,856.6
Afghanistan,1997,22227415.0,Asia,41.763,635.341351,,,,,119.6,
Austria,1952,6927772.0,Europe,66.8,6137.076492,,,,,,
Austria,1957,6965860.0,Europe,67.48,8842.59803,,,,,,
Austria,1962,7129864.0,Europe,69.54,10750.72111,,7793042529.15992,,,33.0,7.79
Austria,1967,7376998.0,Europe,70.14,12834.6024,,11634569521.9273,,,26.4,11.63
Austria,1972,7544201.0,Europe,70.63,16661.6256,,21973207929.0434,,,24.1,21.97
Austria,1977,7568430.0,Europe,72.17,19749.4223,,51343861460.328,,,16.7,51.34
Austria,1982,7574613.0,Europe,73.18,21597.08362,,70996111962.5716,,,12.5,71.0
Austria,1987,7578903.0,Europe,74.94,23687.82607,,123682091858.946,,,9.4,123.68
Austria,1992,7914969.0,Europe,76.04,27042.01868,,194314032056.098,,,7.1,194.31
Austria,1997,8069876.0,Europe,77.51,29095.92066,,211724812267.448,,,5.0,211.72
Austria,2002,8148312.0,Europe,78.98,32417.60769,9.59139919,212837224022.813,100.0,,4.4,212.84
Austria,2007,8199783.0,Europe,79.829,36126.4927,9.60482597,386760177589.497,99.9999988465267,,3.9,386.76
Bahrain,1952,120447.0,Asia,50.939,9867.084765,,,,,,
Bahrain,1957,138655.0,Asia,53.832,11635.79945,,,,,,
Bahrain,1962,171863.0,Asia,56.923,12753.27514,,,,,135.7,
Bahrain,1967,202182.0,Asia,59.923,14804.6727,,,,,87.9,
Bahrain,1972,230800.0,Asia,63.3,18268.65839,,534081183.680728,,,54.7,0.53
Bahrain,1977,297410.0,Asia,65.593,19340.10196,,1989060283.04271,,,35.7,1.99
Bahrain,1982,377967.0,Asia,69.052,19211.14731,,4145421079.78723,,,25.4,4.15
Bahrain,1987,454612.0,Asia,70.75,18524.02406,,3856922694.14894,,,20.7,3.86
Bahrain,1992,529491.0,Asia,72.601,19035.57917,,5402232446.80851,,,19.1,5.4
Bahrain,1997,598561.0,Asia,73.925,20292.01679,,7219407712.76596,,,13.0,7.22
Bahrain,2002,656397.0,Asia,74.795,23403.55927,3.52897096,9593510638.29787,99.9547887625528,,9.7,9.59
Bahrain,2007,708573.0,Asia,75.635,29796.04834,3.16071057,21730000000.0,99.9450971676723,,8.1,21.73
Bangladesh,1952,46886859.0,Asia,37.484,684.2441716,,,,,,
Bangladesh,1957,51365468.0,Asia,39.348,661.6374577,,,,,,
Bangladesh,1962,56839289.0,Asia,41.216,686.3415538,,5081413541.66667,,,167.6,5.08
Bangladesh,1967,62821884.0,Asia,43.453,721.1860862,,7253575687.5,,,150.0,7.25
Bangladesh,1972,70759295.0,Asia,45.252,630.2336265,,6288245866.66667,,,148.2,6.29
Bangladesh,1977,80428306.0,Asia,46.923,659.8772322,,9651149301.8746,,,142.5,9.65
Bangladesh,1982,93074406.0,Asia,50.009,676.9818656,,18525399201.5968,,,126.2,18.53
Bangladesh,1987,103764241.0,Asia,52.819,751.9794035,,24298032258.0645,,,107.9,24.3
Bangladesh,1992,113704579.0,Asia,56.018,837.8101643,,31708874594.1645,,,89.0,31.71
Bangladesh,1997,123315288.0,Asia,59.412,972.7700352,,48244309133.4895,,,70.6,48.24
Bangladesh,2002,135656790.0,Asia,62.013,1136.39043,1.93417108,54724081490.5102,94.9052687199245,,53.6,54.72
Bangladesh,2007,150448339.0,Asia,64.062,1391.253792,2.17268491,79611644974.5571,95.8693613830189,,41.8,79.61
Belgium,1952,8730405.0,Europe,68.0,8343.105127,,,,,,
Belgium,1957,8989111.0,Europe,69.24,9714.960623,,,,,,
Belgium,1962,9218400.0,Europe,70.25,10991.20676,,13436827166.5187,,,27.1,13.44
Belgium,1967,9556500.0,Europe,70.94,13149.04119,,20252508995.4745,,,22.6,20.25
Belgium,1972,9709100.0,Europe,71.44,16672.14356,,37209418018.5134,,,18.6,37.21
Belgium,1977,9821800.0,Europe,72.8,19117.97448,,82839905458.6382,,,14.1,82.84
Belgium,1982,9856303.0,Europe,73.93,20979.84589,,92095926187.5331,,,11.1,92.1
Belgium,1987,9870200.0,Europe,75.35,22525.56308,,149394404105.889,,,9.2,149.39
Belgium,1992,10045622.0,Europe,76.46,25575.57069,,234781652446.675,,,7.7,234.78
Belgium,1997,10199787.0,Europe,77.53,27561.19663,,252708051420.839,,,5.6,252.71
Belgium,2002,10311970.0,Europe,78.32,30485.88375,8.3182106,258383599375.177,100.0,,4.5,258.38
Belgium,2007,10392226.0,Europe,79.441,33692.60508,9.1392889,470922156309.453,100.0,,3.9,470.92
Benin,1952,1738315.0,Africa,38.223,1062.7522,,,,,,
Benin,1957,1925173.0,Africa,40.358,959.6010805,,,,,,
Benin,1962,2151895.0,Africa,42.618,949.4990641,,236434954.038578,,,155.3,0.24
Benin,1967,2427334.0,Africa,44.885,1035.831411,,306221953.104911,,,144.0,0.31
Benin,1972,2761407.0,Africa,47.014,1085.796879,,410331856.991218,,,134.0,0.41
Benin,1977,3168267.0,Africa,49.19,1029.161251,,750049778.84069,,,122.3,0.75
Benin,1982,3641603.0,Africa,50.904,1277.897616,,1267778670.35902,,,112.2,1.27
Benin,1987,4243788.0,Africa,52.337,1225.85601,,1562412227.90058,,,103.7,1.56
Benin,1992,4981671.0,Africa,53.919,1191.207681,,1695315305.70308,,27.25,94.1,1.7
Benin,1997,6066080.0,Africa,54.777,1232.975292,,2268301646.46707,,,85.0,2.27
Benin,2002,7026113.0,Africa,54.406,1372.877931,3.09589195,4194342686.2178,61.7826864714812,34.6599998474121,76.0,4.19
Benin,2007,8078314.0,Africa,56.728,1441.284873,2.93715644,8169048382.83875,63.722003378885,,67.9,8.17
Bolivia,1952,2883315.0,Americas,40.414,2677.326347,,,,,,
Bolivia,1957,3211738.0,Americas,41.89,2127.686326,,,,,,
Bolivia,1962,3593918.0,Americas,43.428,2180.972546,,448400673.400673,,,181.2,0.45
Bolivia,1967,4040665.0,Americas,45.032,2586.886053,,755808080.808081,,,165.9,0.76
Bolivia,1972,4565872.0,Americas,46.714,2980.331339,,1257615644.97932,,,147.9,1.26
Bolivia,1977,5079716.0,Americas,50.023,3548.097832,,3227436281.85907,,,128.2,3.23
Bolivia,1982,5642224.0,Americas,53.859,3156.510452,,5594126368.90981,,,112.8,5.59
Bolivia,1987,6156369.0,Americas,57.251,2753.69149,,4347956337.93221,,,98.5,4.35
Bolivia,1992,6893451.0,Americas,59.957,2961.699694,,5643868748.68126,,79.9899978637695,82.8,5.64
Bolivia,1997,7693188.0,Americas,62.05,3326.143191,,7925736821.45034,,,67.1,7.93
Bolivia,2002,8445134.0,Americas,63.883,3413.26269,4.89645052,7905485146.44351,82.4311855099011,,50.9,7.91
Bolivia,2007,9119152.0,Americas,65.554,3822.137084,4.6968894,13120108008.3477,85.2691692733434,90.2900009155273,37.7,13.12
Bolivia,1987,6156369.0,Americas,57.251,2753.69149,,4347956337.93221,,,98.5,4.35
Bolivia,1992,6893451.0,Americas,59.957,2961.699694,,5643868748.68126,,79.9899978637695,82.8,5.64
Bolivia,1997,7693188.0,Americas,62.05,3326.143191,,7925736821.45034,,,67.1,7.93
Bolivia,2002,8445134.0,Americas,63.883,3413.26269,4.89645052,7905485146.44351,82.4311855099011,,50.9,7.91
Bolivia,2007,9119152.0,Americas,65.554,3822.137084,4.6968894,13120108008.3477,85.2691692733434,90.2900009155273,37.7,13.12
Bosnia And Herzegovina,1952,2791000.0,Europe,53.82,973.5331948,,,,,,
Bosnia And Herzegovina,1957,3076000.0,Europe,58.45,1353.989176,,,,,,
Bosnia And Herzegovina,1962,3349000.0,Europe,61.93,1709.683679,,,,,,
Bosnia And Herzegovina,1967,3585000.0,Europe,64.79,2172.352423,,,,,,
Bosnia And Herzegovina,1972,3819000.0,Europe,67.45,2860.16975,,,,,,
Bosnia And Herzegovina,1977,4086000.0,Europe,69.86,3528.481305,,,,,,
Bosnia And Herzegovina,1982,4172693.0,Europe,70.69,4126.613157,,,,,,
Bosnia And Herzegovina,1987,4338977.0,Europe,71.14,4314.114757,,,,,20.4,
Bosnia And Herzegovina,1992,4256013.0,Europe,72.178,2546.781445,,4735044707.23969,,,32.4,4.74
Bosnia And Herzegovina,1997,3607000.0,Europe,73.244,4766.355904,,3671909673.04401,,,10.2,3.67
Bosnia And Herzegovina,2002,4165416.0,Europe,74.09,6018.9752397,7.39934349,6728220982.88398,97.2320116330882,,7.3,6.73
Belgium,2007,10392226.0,Europe,79.441,33692.60508,9.1392889,470922156309.453,100.0,,3.9,470.92
Bosnia And Herzegovina,2007,4552198.0,Europe,74.852,7446.298803,9.25501442,15778734264.3787,96.7613473898559,,6.2,15.78
Botswana,1952,442308.0,Africa,47.622,851.2411407,,,,,,
Botswana,1957,474639.0,Africa,49.618,918.2325349,,,,,,
Botswana,1962,512764.0,Africa,51.52,983.6539764,,35644956.6430429,,,113.1,0.04
Botswana,1967,553541.0,Africa,53.298,1214.709294,,58642354.089673,,,102.6,0.06
Botswana,1972,619351.0,Africa,56.024,2263.611114,,164460914.977201,,,89.4,0.16
Botswana,1977,781472.0,Africa,59.319,3214.857818,,451624780.274597,,,71.2,0.45
Botswana,1982,970347.0,Africa,61.484,4551.14215,,1014945695.71927,,,54.0,1.01
Botswana,1987,1151184.0,Africa,63.622,6205.88385,,1965226890.04557,,,43.4,1.97
Botswana,1992,1342614.0,Africa,62.745,7954.111645,,4146464586.61674,,,40.5,4.15
Botswana,1997,1536536.0,Africa,52.556,8647.142313,,5020265626.66489,,,40.4,5.02
Botswana,2002,1630347.0,Africa,46.634,11003.60508,6.66529799,5438863982.88692,75.9139062526894,,39.7,5.44
Botswana,2007,1639131.0,Africa,50.728,12569.85177,5.52080727,10567270655.5027,78.8176379061459,,50.3,10.57
Brazil,1952,56602560.0,Americas,50.917,2108.944355,,,,,,
Brazil,1957,65551171.0,Americas,53.285,2487.365989,,,,,,
Brazil,1962,76039390.0,Americas,55.665,3336.585802,,19231747851.5332,,,120.8,19.23
Brazil,1967,88049823.0,Americas,57.632,3429.864357,,31086389194.961,,,108.5,31.09
Brazil,1972,100840058.0,Americas,59.504,4985.711467,,58434858374.8696,,,97.9,58.43
Brazil,1977,114313951.0,Americas,61.489,6660.118654,,176344101401.941,,,85.7,176.34
Brazil,1982,128962939.0,Americas,63.336,7030.835878,,271314113768.417,,,70.4,271.31
Brazil,1987,142938076.0,Americas,65.205,7807.095818,,283056836893.838,,,58.1,283.06
Brazil,1992,155975974.0,Americas,67.057,6950.283021,,328187960871.951,,,47.4,328.19
Brazil,1997,168546719.0,Americas,69.388,7957.980824,,883206452795.124,,,35.2,883.21
Brazil,2002,179914212.0,Americas,71.006,8131.212843,8.69686985,509795270685.19,94.1864278135922,,25.6,509.8
Brazil,2007,190010647.0,Americas,72.39,9065.800825,8.20182991,1397114247188.89,95.6619556450111,90.0100021362305,18.6,1397.11
Bulgaria,1952,7274900.0,Europe,59.6,2444.286648,,,,,,
Bulgaria,1957,7651254.0,Europe,66.61,3008.670727,,,,,,
Bulgaria,1962,8012946.0,Europe,69.51,4254.337839,,,,,36.8,
Bulgaria,1967,8310226.0,Europe,70.42,5577.0028,,,,,30.9,
Bulgaria,1972,8576200.0,Europe,70.9,6597.494398,,,,,25.7,
Bulgaria,1977,8797022.0,Europe,70.81,7612.240438,,,,,22.7,
Bulgaria,1982,8892098.0,Europe,71.08,8224.191647,,19342000000.0,,,18.1,19.34
Bulgaria,1987,8971958.0,Europe,71.34,8239.854824,,28101000000.0,,,14.4,28.1
Bulgaria,1992,8658506.0,Europe,71.19,6302.623438,,8602887622.63828,,,15.3,8.6
Bulgaria,1997,8066057.0,Europe,70.32,5970.38876,,11316127378.9613,,,15.6,11.32
Bulgaria,2002,7661799.0,Europe,72.14,7696.777725,7.0809865,16403043849.8297,99.678880786955,,13.2,16.4
Bulgaria,2007,7322858.0,Europe,73.005,10680.79282,6.15651751,44431257128.8618,99.5424563841982,,9.9,44.43
Burkina Faso,1952,4469979.0,Africa,31.975,543.2552413,,,,,,
Burkina Faso,1957,4713416.0,Africa,34.906,617.1834648,,,,,,
Burkina Faso,1962,4919632.0,Africa,37.814,722.5120206,,379567099.249422,,,168.8,0.38
Burkina Faso,1967,5127935.0,Africa,40.697,794.8265597,,450753923.548048,,,163.3,0.45
Burkina Faso,1972,5433886.0,Africa,43.591,854.7359763,,578595521.990135,,,156.3,0.58
Burkina Faso,1977,5889574.0,Africa,46.137,743.3870368,,1131224878.18865,,,135.2,1.13
Burkina Faso,1982,6634596.0,Africa,48.122,807.1985855,,1754450096.23721,,,118.0,1.75
Burkina Faso,1987,7586551.0,Africa,49.557,912.0631417,,2369834949.73234,,,106.7,2.37
Burkina Faso,1987,7586551.0,Africa,49.557,912.0631417,,2369834949.73234,,,106.7,2.37
Burkina Faso,1992,8878303.0,Africa,50.26,931.7527731,,3356692505.18266,,,102.1,3.36
Burkina Faso,1997,10352843.0,Africa,50.324,946.2949618,,2447669101.95178,,,97.7,2.45
Burkina Faso,2002,12251209.0,Africa,50.65,1037.645221,4.17985535,3622350062.96053,55.6114304370044,,88.2,3.62
Burkina Faso,2007,14326203.0,Africa,52.295,1217.032994,5.77535009,7625722836.76847,54.4775122533974,27.8799991607666,74.1,7.63
Burundi,1952,2445618.0,Africa,39.031,339.2964587,,,,,,
Burundi,1957,2667518.0,Africa,40.533,379.5646281,,,,,,
Burundi,1962,2961915.0,Africa,42.045,355.2032273,,213500006.0,,,,0.21
Burundi,1967,3330989.0,Africa,43.548,412.9775136,,178297142.857143,,,116.9,0.18
Burundi,1972,3529983.0,Africa,44.057,464.0995039,,246804571.428571,,,136.6,0.25
Burundi,1977,3834415.0,Africa,45.91,556.1032651,,547535555.555556,,,121.4,0.55
Burundi,1982,4580410.0,Africa,47.471,559.603231,,1013222222.22222,,,104.2,1.01
Burundi,1987,5126023.0,Africa,48.211,621.8188189,,1131466494.01101,,,90.5,1.13
Burundi,1992,5809236.0,Africa,44.736,631.6998778,,1083037670.60484,,,94.0,1.08
Burundi,1997,6121610.0,Africa,45.326,463.1151478,,972896267.915425,,,93.7,0.97
Burundi,2002,7021078.0,Africa,47.36,446.4035126,5.34983587,825394519.423728,51.3135864667635,,83.5,0.83
Burundi,2007,8390505.0,Africa,49.58,430.0706916,9.1855402,1356199387.42308,54.8864129509112,,66.0,1.36
Cambodia,1952,4693836.0,Asia,39.417,368.4692856,,,,,,
Cambodia,1957,5322536.0,Asia,41.366,434.0383364,,,,,,
Cambodia,1962,6083619.0,Asia,43.415,496.9136476,,,,,,
Cambodia,1967,6960067.0,Asia,45.415,523.4323142,,,,,,
Cambodia,1972,7450606.0,Asia,40.317,421.6240257,,,,,,
Cambodia,1977,6978607.0,Asia,31.22,524.9721832,,716261764.498093,,,244.1,0.72
Cambodia,1982,7272485.0,Asia,50.957,624.4754784,,865516039.800558,,,99.7,0.87
Cambodia,1987,8371791.0,Asia,53.914,683.8955732,,1036974910.45,,,86.9,1.04
Cambodia,1987,8371791.0,Asia,53.914,683.8955732,,1036974910.45,,,86.9,1.04
Cambodia,1992,10150094.0,Asia,55.803,682.3031755,,2491486594.18917,,,90.2,2.49
Cambodia,1997,11782962.0,Asia,56.534,734.28517,,3443413388.65696,,,95.3,3.44
Cambodia,2002,12926707.0,Asia,56.752,896.2260153,6.91952753,4501227626.62752,55.5106135698106,,71.0,4.5
Cambodia,2007,14131858.0,Asia,59.723,1713.778686,4.42702723,10127916459.8983,62.3624172696977,,46.3,10.13
Cameroon,1952,5009067.0,Africa,38.523,1172.667655,,,,,,
Cameroon,1957,5359923.0,Africa,40.428,1313.048099,,,,,,
Cameroon,1962,5793633.0,Africa,42.643,1399.607441,,694247864.3789,,,167.6,0.69
Cameroon,1967,6335506.0,Africa,44.799,1508.453148,,936175260.030919,,,145.1,0.94
Cameroon,1972,7021028.0,Africa,47.049,1684.146528,,1498251889.66287,,,120.1,1.5
Cameroon,1977,7959865.0,Africa,49.355,1783.432873,,3394664024.05503,,,113.5,3.39
Cameroon,1982,9250831.0,Africa,52.961,2367.983282,,6611255963.83584,,,101.2,6.61
Cameroon,1987,10780667.0,Africa,54.985,2602.664206,,13049659981.1373,,,84.0,13.05
Cameroon,1992,12467171.0,Africa,54.314,1793.163278,,12071775335.0433,,,83.3,12.07
Cameroon,1997,14195809.0,Africa,52.199,1694.337469,,10789458432.6416,,,86.4,10.79
Cameroon,2002,15929988.0,Africa,49.856,1934.011449,4.02669907,12417251350.4882,57.4955566062435,,79.1,12.42
Cameroon,2007,17696293.0,Africa,50.43,2042.09524,3.79498792,23928250433.0378,61.3565272358718,70.6800003051758,69.9,23.93
Canada,1952,14785584.0,Americas,68.75,11367.16112,,,,,,
Canada,1957,17010154.0,Americas,69.96,12489.95006,,,,,,
Canada,1962,18985849.0,Americas,71.3,13462.48555,,42336211555.8268,,,26.0,42.34
Canada,1967,20819767.0,Americas,72.13,16076.58803,,65856924423.9721,,,21.2,65.86
Canada,1972,22284500.0,Americas,72.88,18970.57086,,113463848873.624,,,16.7,113.46
Canada,1977,23796400.0,Americas,74.21,22090.88306,,212325176304.654,,,12.5,212.33
Canada,1982,25201900.0,Americas,75.76,22898.79214,,314647807408.608,,,9.2,314.65
Canada,1987,26549700.0,Americas,76.86,26626.51503,,433134238310.709,,,7.5,433.13
Canada,1992,28523502.0,Americas,77.95,26342.88426,,594387358318.855,,,6.4,594.39
Canada,1997,30305843.0,Americas,78.61,28954.92589,,654986999855.554,,,5.5,654.99
Canada,2002,31902268.0,Americas,79.77,33328.96507,8.85665226,760649334098.005,99.5605310127561,,5.3,760.65
Canada,2007,33390141.0,Americas,80.653,36319.23501,9.4346962,1468820407783.26,99.3664505915258,,5.2,1468.82
Central African Republic,1952,1291695.0,Africa,35.463,1071.310713,,,,,,
Central African Republic,1957,1392284.0,Africa,37.464,1190.844328,,,,,,
Central African Republic,1962,1523478.0,Africa,39.475,1193.068753,,124482773.83306,,,154.0,0.12
Central African Republic,1967,1733638.0,Africa,41.478,1136.056615,,163820513.562432,,,140.2,0.16
Central African Republic,1972,1927260.0,Africa,43.457,1070.013275,,230317883.36443,,,127.5,0.23
Central African Republic,1977,2167533.0,Africa,46.775,1109.374338,,507298147.526539,,,118.2,0.51
Central African Republic,1982,2476971.0,Africa,48.295,956.7529907,,748312390.756606,,,112.0,0.75
Central African Republic,1987,2840009.0,Africa,50.485,844.8763504,,1200991977.80801,,,110.1,1.2
Central African Republic,1992,3265124.0,Africa,49.396,747.9055252,,1411917553.12436,,,107.7,1.41
Central African Republic,1997,3696513.0,Africa,46.066,740.5063317,,937741513.015352,,,103.5,0.94
Central African Republic,2002,4048013.0,Africa,43.308,738.6906068,4.23633623,996068144.884889,56.6533336515989,,96.1,1.0
Central African Republic,2007,4369038.0,Africa,44.741,706.016537,4.6338892,1699811294.94935,50.9129861465533,,85.3,1.7
Chad,1952,2682462.0,Africa,38.092,1178.665927,,,,,,
Chad,1957,2894855.0,Africa,39.881,1308.495577,,,,,,
Chad,1962,3150417.0,Africa,41.716,1389.817618,,357635713.41932,,,141.7,0.36
Chad,1967,3495967.0,Africa,43.601,1196.810565,,449826322.613453,,,139.5,0.45
Chad,1972,3899068.0,Africa,45.569,1104.103987,,585427546.798272,,,136.7,0.59
Chad,1977,4388260.0,Africa,47.383,1133.98495,,935360464.701341,,,133.4,0.94
Chad,1982,4875118.0,Africa,49.517,797.9081006,,834369859.663018,,,128.6,0.83
Chad,1987,5498955.0,Africa,51.051,952.386129,,1163426852.20442,,,121.5,1.16
Chad,1992,6429417.0,Africa,51.724,1058.0643,,1881847669.69794,,,113.6,1.88
Chad,1997,7562011.0,Africa,51.573,1004.961353,,1544689576.92712,,,106.7,1.54
Chad,2002,8835739.0,Africa,50.525,1156.18186,5.60251188,1997005708.81576,39.797511560643,,98.0,2.0
Chad,2007,10238807.0,Africa,50.651,1704.063724,3.47199655,10865385131.5172,42.759391223653,,88.3,10.87
Chile,1952,6377619.0,Americas,54.745,3939.978789,,,,,,
Chile,1957,7048426.0,Americas,56.074,4315.622723,,,,,,
Chile,1962,7961258.0,Americas,57.924,4519.094331,,5765971144.47142,,,117.4,5.77
Chile,1967,8858908.0,Americas,60.523,5106.654313,,7145068067.64138,,,78.4,7.15
Chile,1972,9717524.0,Americas,63.441,5494.024437,,12057501634.979,,,66.0,12.06
Chile,1977,10599793.0,Americas,67.052,4756.763836,,14272711436.7475,,,41.4,14.27
Chile,1982,11487112.0,Americas,70.565,5095.665738,,19710229067.2864,,91.129997253418,22.8,19.71
Chile,1987,12463354.0,Americas,72.492,5547.063754,,22605488850.8981,,,18.4,22.61
Chile,1992,13572994.0,Americas,74.126,7596.125964,,46538895685.8088,,94.2900009155273,13.6,46.54
Chile,1997,14599929.0,Americas,75.816,10118.05318,,85741415285.165,,,10.3,85.74
Chile,2002,15497046.0,Americas,77.86,10778.78385,7.20833778,70264045939.2773,96.6625859523194,95.7200012207031,8.3,70.26
Chile,2007,16284741.0,Americas,78.553,13171.63885,6.21259642,172491076033.863,97.2423387378927,,7.6,172.49
China,1952,556263527.999989,Asia,44.0,400.448610699994,,,,,,
China,1957,637408000.0,Asia,50.54896,575.9870009,,,,,,
China,1962,665770000.0,Asia,44.50136,487.6740183,,47310737754.2287,,,,47.31
China,1967,754550000.0,Asia,58.38112,612.7056934,,73011350596.2485,,,,73.01
China,1972,862030000.0,Asia,63.11888,676.9000921,,113871930713.841,,,76.6,113.87
China,1977,943455000.0,Asia,63.96736,741.2374699,,175226595859.778,,,57.3,175.23
China,1982,1000281000.0,Asia,65.525,962.4213805,,205480916030.534,,65.5100021362305,45.3,205.48
China,1987,1084035000.0,Asia,67.274,1378.904018,,273455156950.673,,,43.1,273.46
China,1992,1164970000.0,Asia,68.69,1655.784158,,428502354788.069,,,42.3,428.5
China,1997,1230075000.0,Asia,70.426,2289.234136,,967753570434.667,,,35.5,967.75
China,2002,1280400000.0,Asia,72.028,3119.280896,4.32156181,1489821682050.54,81.8650671947267,,25.6,1489.82
China,2007,1318683096.0,Asia,72.961,4959.114854,3.61737728,3604055822571.63,86.1591731490747,,16.1,3604.06
Colombia,1952,12350771.0,Americas,50.643,2144.115096,,,,,,
Colombia,1957,14485993.0,Americas,55.118,2323.805581,,,,,,
Colombia,1962,17009885.0,Americas,57.863,2492.351109,,4955543963.36869,,,91.3,4.96
Colombia,1967,19764027.0,Americas,59.963,2678.729839,,5825170438.48704,,,80.0,5.83
Colombia,1972,22542890.0,Americas,61.623,3264.660041,,8671358732.68486,,,68.5,8.67
Colombia,1977,25094412.0,Americas,63.837,3815.80787,,19470960619.1297,,,54.7,19.47
Colombia,1982,27764644.0,Americas,66.653,4397.575659,,38968039721.748,,,41.5,38.97
Colombia,1987,30964245.0,Americas,67.768,4903.2191,,36373307085.0887,,,32.8,36.37
Colombia,1992,34202721.0,Americas,68.421,5444.648617,,58418985443.3172,,,27.9,58.42
Colombia,1997,37657830.0,Americas,70.313,6117.361746,,106659508271.255,,,23.7,106.66
Colombia,2002,41008227.0,Americas,71.682,5755.259962,5.73296595,97945812802.8882,91.5497229084839,,20.4,97.95
Colombia,2007,44227550.0,Americas,72.889,7006.580419,6.49102163,206229540926.312,93.0332113422634,92.6500015258789,17.7,206.23
Comoros,1952,153936.0,Africa,40.715,1102.990936,,,,,,
Comoros,1957,170928.0,Africa,42.46,1211.148548,,,,,,
Comoros,1962,191689.0,Africa,44.467,1406.648278,,,,,,
Comoros,1967,217378.0,Africa,46.472,1876.029643,,,,,,
Comoros,1972,250027.0,Africa,48.944,1937.577675,,,,,,
Comoros,1977,304739.0,Africa,50.939,1172.603047,,,,,136.7,
Comoros,1982,348643.0,Africa,52.933,1267.100083,,202152461.76282,,,119.8,0.2
Comoros,1987,395114.0,Africa,54.926,1315.980812,,313292322.956214,,,103.0,0.31
Comoros,1992,454429.0,Africa,57.939,1246.90737,,436552922.121696,,,87.1,0.44
Comoros,1997,527982.0,Africa,60.66,1173.618235,,362816806.134452,,,72.4,0.36
Comoros,2002,614382.0,Africa,62.974,1075.811558,6.68594599,427360070.324544,87.4264757809148,,60.9,0.43
Comoros,2007,710960.0,Africa,65.152,986.1478792,5.41753864,795673152.867077,86.8964208746241,,51.7,0.8
Congo Dem. Rep.,1952,14100005.0,Africa,39.143,780.5423257,,,,,,
Congo Dem. Rep.,1957,15577932.0,Africa,40.652,905.8602303,,,,,,
Congo Dem. Rep.,1962,17486434.0,Africa,42.122,896.3146335,,,,,,
Congo Dem. Rep.,1967,19941073.0,Africa,44.056,861.5932424,,,,,,
Congo Dem. Rep.,1972,23007669.0,Africa,45.989,904.8960685,,,,,,
Congo Dem. Rep.,1977,26480870.0,Africa,47.804,795.757282,,,,,,
Congo Dem. Rep.,1982,30646495.0,Africa,47.784,673.7478181,,,,,,
Congo Dem. Rep.,1987,35481645.0,Africa,47.412,672.774812,,,,,,
Congo Dem. Rep.,1992,41672143.0,Africa,45.548,457.7191807,,,,,,
Congo Dem. Rep.,1997,47798986.0,Africa,42.587,312.188423,,,,,,
Congo Dem. Rep.,2002,55379852.0,Africa,44.966,241.1658765,,,,,,
Congo Dem. Rep.,2007,64606759.0,Africa,46.462,277.5518587,,,,,,
China,1997,1230075000.0,Asia,70.426,2289.234136,,967753570434.667,,,35.5,967.75
China,2002,1280400000.0,Asia,72.028,3119.280896,4.32156181,1489821682050.54,81.8650671947267,,25.6,1489.82
China,2007,1318683096.0,Asia,72.961,4959.114854,3.61737728,3604055822571.63,86.1591731490747,,16.1,3604.06
Congo Rep.,1952,854885.0,Africa,42.111,2125.621418,,,,,,
Congo Rep.,1957,940458.0,Africa,45.053,2315.056572,,,,,,
Congo Rep.,1962,1047924.0,Africa,48.435,2464.783157,,,,,,
Congo Rep.,1967,1179760.0,Africa,52.04,2677.939642,,,,,,
Congo Rep.,1972,1340458.0,Africa,54.907,3213.152683,,,,,,
Congo Rep.,1977,1536769.0,Africa,55.625,3259.178978,,,,,,
Congo Rep.,1982,1774735.0,Africa,56.695,4879.507522,,,,,,
Congo Rep.,1987,2064095.0,Africa,57.47,4201.194937,,,,,,
Congo Rep.,1992,2409073.0,Africa,56.433,4016.239529,,,,,,
Congo Rep.,1997,2800947.0,Africa,52.962,3484.164376,,,,,,
Congo Rep.,2002,3328795.0,Africa,52.97,3484.06197,,,,,,
Congo Rep.,2007,3800610.0,Africa,55.322,3632.557798,,,,,,
Costa Rica,1952,926317.0,Americas,57.206,2627.009471,,,,,,
Costa Rica,1957,1112300.0,Americas,60.026,2990.010802,,,,,,
Costa Rica,1962,1345187.0,Americas,62.842,3460.937025,,479180824.348506,,,69.2,0.48
Costa Rica,1967,1588717.0,Americas,65.424,4161.727834,,699456618.867925,,,65.8,0.7
Costa Rica,1972,1834796.0,Americas,67.849,5118.146939,,1238251695.55388,,,52.2,1.24
Costa Rica,1977,2108457.0,Americas,70.75,5926.876967,,3072427012.83547,,,28.1,3.07
Costa Rica,1982,2424367.0,Americas,73.45,5262.734751,,2606623554.56582,,,19.3,2.61
Costa Rica,1987,2799811.0,Americas,74.752,5629.915318,,4532952047.15628,,,17.0,4.53
Costa Rica,1992,3173216.0,Americas,75.713,6160.416317,,8579754757.93237,,,13.4,8.58
Costa Rica,1997,3518107.0,Americas,77.26,6677.045314,,12614602382.2012,,,12.4,12.61
Costa Rica,2002,3834934.0,Americas,78.123,7723.447195,6.8690877,16578820687.2881,95.4574835012159,,10.4,16.58
Costa Rica,2007,4133884.0,Americas,78.782,9645.06142,6.99642611,26884700709.3146,97.1812060474922,,9.5,26.88
Cote D'Ivoire,1952,2977019.0,Africa,40.477,1388.594732,,,,,,
Cote D'Ivoire,1957,3300000.0,Africa,42.469,1500.895925,,,,,,
Cote D'Ivoire,1962,3832408.0,Africa,44.93,1728.869428,,645284473.733691,,,199.2,0.65
Cote D'Ivoire,1967,4744870.0,Africa,47.35,2052.050473,,1082922724.87189,,,175.9,1.08
Cote D'Ivoire,1972,6071696.0,Africa,49.801,2378.201111,,1849400401.64724,,,152.3,1.85
Cote D'Ivoire,1977,7459574.0,Africa,52.374,2517.736547,,6265068189.37782,,,124.9,6.27
Cote D'Ivoire,1982,9025951.0,Africa,53.983,2602.710169,,7567110848.92228,,,107.7,7.57
Cote D'Ivoire,1987,10761098.0,Africa,54.655,2156.956069,,10087654464.8168,,,101.7,10.09
Cote D'Ivoire,1992,12772596.0,Africa,52.044,1648.073791,,11152971273.9383,,,100.8,11.15
Cote D'Ivoire,1997,14625967.0,Africa,47.991,1786.265407,,18047558037.7036,,,96.5,18.05
Cote D'Ivoire,2002,16252726.0,Africa,46.832,1648.800823,3.54146051,18054383320.8474,69.5630827839749,,87.1,18.05
Cote D'Ivoire,2007,18013409.0,Africa,48.328,1544.750112,4.19379663,28760090953.3081,71.4370073419778,,75.3,28.76
Croatia,1952,3882229.0,Europe,61.21,3119.23652,,,,,,
Croatia,1957,3991242.0,Europe,64.77,4338.231617,,,,,,
Croatia,1962,4076557.0,Europe,67.13,5477.890018,,,,,,
Croatia,1967,4174366.0,Europe,68.5,6960.297861,,,,,,
Croatia,1972,4225310.0,Europe,69.61,9164.090127,,,,,,
Croatia,1977,4318673.0,Europe,70.64,11305.38517,,,,,,
Croatia,1982,4413368.0,Europe,70.46,13221.82184,,,,,18.4,
Croatia,1987,4484310.0,Europe,71.52,13822.58394,,,,,13.8,
Croatia,1992,4494013.0,Europe,72.527,8447.794873,,10621169290.9986,,,9.9,10.62
Croatia,1997,4444595.0,Europe,73.68,9875.604515,,24175764812.1218,,,8.0,24.18
Croatia,2002,4481020.0,Europe,74.876,11628.38895,6.14300489,26757722428.6781,98.7625377853519,,6.6,26.76
Croatia,2007,4493312.0,Europe,75.748,14619.22272,7.38946152,59290621398.1561,99.2934392263667,,5.3,59.29
Cuba,1952,6007797.0,Americas,59.421,5586.53878,,,,,,
Cuba,1957,6640752.0,Americas,62.325,6092.174359,,,,,,
Cuba,1962,7254373.0,Americas,65.246,5180.75591,,,,,36.9,
Cuba,1967,8139332.0,Americas,68.29,5690.268015,,,,,35.0,
Cuba,1972,8831348.0,Americas,70.723,5305.445256,,8135150891.92025,,,28.8,8.14
Cuba,1977,9537988.0,Americas,72.649,6380.494966,,14206158674.6988,,,21.6,14.21
Cuba,1982,9789224.0,Americas,73.717,7316.918107,,20953510235.2941,,,16.4,20.95
Cuba,1987,10239839.0,Americas,74.174,7532.924763,,25213935012.0819,,,12.7,25.21
Cuba,1992,10723260.0,Americas,74.414,5592.843963,,22085858243.2432,,,9.8,22.09
Cuba,1997,10983007.0,Americas,76.151,5431.990415,,25365908100.0,,,7.8,25.37
Cuba,2002,11226999.0,Americas,77.158,6340.646683,7.11481619,33590500000.0,92.0704754889772,99.8000030517578,6.3,33.59
Cuba,2007,11416987.0,Americas,78.273,8948.102923,10.9674921,54262870370.3704,92.7206267884333,,5.2,54.26
Czech Republic,1952,9125183.0,Europe,66.87,6876.14025,,,,,,
Czech Republic,1957,9513758.0,Europe,69.03,8256.343918,,,,,,
Czech Republic,1962,9620282.0,Europe,69.9,10136.86713,,,,,,
Czech Republic,1967,9835109.0,Europe,70.38,11399.44489,,,,,,
Czech Republic,1972,9862158.0,Europe,70.29,13108.4536,,,,,,
Czech Republic,1977,10161915.0,Europe,70.71,14800.16062,,,,,,
Czech Republic,1982,10303704.0,Europe,70.96,15377.22855,,,,,,
Czech Republic,1987,10311597.0,Europe,71.58,16310.4434,,,,,,
Czech Republic,1992,10315702.0,Europe,72.4,14297.02122,,,,,,
Czech Republic,1997,10300707.0,Europe,74.01,16048.51424,,,,,,
Czech Republic,2002,10256295.0,Europe,75.51,17596.21022,,,,,,
Czech Republic,2007,10228744.0,Europe,76.486,22833.30851,,,,,,
Denmark,1952,4334000.0,Europe,70.78,9692.385245,,,,,,
Denmark,1957,4487831.0,Europe,71.81,11099.65935,,,,,,
Denmark,1962,4646899.0,Europe,72.35,13583.31351,,7953274741.29303,,,20.3,7.95
Denmark,1967,4838800.0,Europe,72.96,15937.21123,,13059064805.8774,,,16.0,13.06
Denmark,1972,4991596.0,Europe,73.47,18866.20721,,23230667549.2496,,,12.4,23.23
Denmark,1977,5088419.0,Europe,74.69,20422.9015,,49711709588.2196,,,9.2,49.71
Denmark,1982,5117810.0,Europe,74.63,21688.04048,,60084214872.0657,,,7.9,60.08
Denmark,1987,5127024.0,Europe,74.8,25116.17581,,109183446340.073,,,8.0,109.18
Denmark,1992,5171393.0,Europe,75.33,26406.73985,,152966494259.538,,,6.4,152.97
Denmark,1997,5283663.0,Europe,76.11,29804.34567,,173241365735.483,,,5.0,173.24
Denmark,2002,5374693.0,Europe,77.18,32166.50006,8.69506168,178788209558.311,100.0,,4.5,178.79
Denmark,2007,5468120.0,Europe,78.332,35278.41874,9.30215549,320213157595.018,99.9999976665951,,3.8,320.21
Djibouti,1952,63149.0,Africa,34.812,2669.529475,,,,,,
Djibouti,1957,71851.0,Africa,37.328,2864.969076,,,,,,
Djibouti,1962,89898.0,Africa,39.693,3020.989263,,,,,,
Djibouti,1967,127617.0,Africa,42.074,3020.050513,,,,,,
Djibouti,1972,178848.0,Africa,44.366,3694.212352,,,,,,
Djibouti,1977,228694.0,Africa,46.519,3081.761022,,,,,,
Djibouti,1982,305991.0,Africa,48.812,2879.468067,,,,,101.1,
Djibouti,1987,311025.0,Africa,50.04,2880.102568,,373371738.286415,,,92.2,0.37
Djibouti,1992,384156.0,Africa,51.604,2377.156192,,478058304.871118,,,86.1,0.48
Djibouti,1997,417908.0,Africa,53.157,1895.016984,,502675542.001227,,,83.4,0.5
Djibouti,2002,447416.0,Africa,53.373,1908.260867,3.75243783,591122039.601398,74.7450869974976,,77.5,0.59
Djibouti,2007,496374.0,Africa,54.791,2082.481567,4.05262756,847918929.107984,75.8259576941353,,69.5,0.85
Czech Republic,2002,10256295.0,Europe,75.51,17596.21022,,,,,,
Czech Republic,2007,10228744.0,Europe,76.486,22833.30851,,,,,,
Dominican Republic,1952,2491346.0,Americas,45.928,1397.717137,,,,,,
Dominican Republic,1957,2923186.0,Americas,49.828,1544.402995,,,,,,
Dominican Republic,1962,3453434.0,Americas,53.459,1662.137359,,824100000.0,,,102.6,0.82
Dominican Republic,1967,4049146.0,Americas,56.751,1653.723003,,1034800000.0,,,95.6,1.03
Dominican Republic,1972,4671329.0,Americas,59.631,2189.874499,,1987400000.0,,,86.0,1.99
Dominican Republic,1977,5302800.0,Americas,61.788,2681.9889,,4587100000.0,,,73.4,4.59
Dominican Republic,1982,5968349.0,Americas,63.727,2861.092386,,8267400000.0,,,62.5,8.27
Dominican Republic,1987,6655297.0,Americas,66.046,2899.842175,,5827050753.25937,,,53.2,5.83
Dominican Republic,1992,7351181.0,Americas,68.457,3044.214214,,11605382504.0,,,44.5,11.61
Dominican Republic,1997,7992357.0,Americas,69.957,3614.101285,,20017450041.3075,,,36.6,20.02
Dominican Republic,2002,8650322.0,Americas,70.847,4563.808154,4.98649025,27137440786.2562,91.7350612908746,87.0,32.1,27.14
Dominican Republic,2007,9319622.0,Americas,72.235,6025.374752,4.08935308,43965458508.5056,93.6801822070971,88.2399978637695,30.6,43.97
Ecuador,1952,3548753.0,Americas,48.357,3522.110717,,,,,,
Ecuador,1957,4058385.0,Americas,51.356,3780.546651,,,,,,
Ecuador,1962,4681707.0,Americas,54.64,4086.114078,,1518207703.48997,,,122.2,1.52
Ecuador,1967,5432424.0,Americas,56.678,4579.074215,,2553595172.08743,,,108.7,2.55
Ecuador,1972,6298651.0,Americas,58.796,5280.99471,,3185986087.33583,,,97.8,3.19
Ecuador,1977,7278866.0,Americas,61.31,6679.62326,,11026342618.1141,,,80.1,11.03
Ecuador,1982,8365850.0,Americas,64.342,7213.791267,,19929846396.4239,,83.5500030517578,63.8,19.93
Ecuador,1987,9545158.0,Americas,67.231,6481.776993,,13945426859.4657,,,49.2,13.95
Ecuador,1992,10748394.0,Americas,69.613,7103.702595,,18094238119.0595,,,38.7,18.09
Ecuador,1997,11911819.0,Americas,72.312,7429.455877,,28162053026.5133,,,28.8,28.16
Ecuador,2002,12921234.0,Americas,74.173,5773.044512,4.81404829,27054197000.0,85.8681168812422,,21.9,27.05
Ecuador,2007,13755680.0,Americas,74.994,6873.262326,5.55722475,49848725000.0,87.792208365322,92.0999984741211,18.1,49.85
Ecuador,1997,11911819.0,Americas,72.312,7429.455877,,28162053026.5133,,,28.8,28.16
Ecuador,2002,12921234.0,Americas,74.173,5773.044512,4.81404829,27054197000.0,85.8681168812422,,21.9,27.05
Ecuador,2007,13755680.0,Americas,74.994,6873.262326,5.55722475,49848725000.0,87.792208365322,92.0999984741211,18.1,49.85
Egypt,1952,22223309.0,Africa,41.893,1418.822445,,,,,,
Egypt,1957,25009741.0,Africa,44.444,1458.915272,,,,,,
Egypt,1962,28173309.0,Africa,46.992,1693.335853,,,,,,
Egypt,1967,31681188.0,Africa,49.293,1814.880728,,,,,,
Egypt,1972,34807417.0,Africa,51.137,2024.008147,,,,,,
Egypt,1977,38783863.0,Africa,53.319,2785.493582,,,,,,
Egypt,1982,45681811.0,Africa,56.006,3503.729636,,,,,,
Egypt,1987,52799062.0,Africa,59.797,3885.46071,,,,,,
Egypt,1992,59402198.0,Africa,63.674,3794.755195,,,,,,
Egypt,1997,66134291.0,Africa,67.217,4173.181797,,,,,,
Egypt,2002,73312559.0,Africa,69.806,4754.604414,,,,,,
Egypt,2007,80264543.0,Africa,71.338,5581.180998,,,,,,
El Salvador,1952,2042865.0,Americas,45.262,3048.3029,,,,,,
El Salvador,1957,2355805.0,Americas,48.57,3421.523218,,,,,,
El Salvador,1962,2747687.0,Americas,52.307,3776.803627,,,,,132.5,
El Salvador,1967,3232927.0,Americas,55.855,4358.595393,,976200000.0,,,122.1,0.98
El Salvador,1972,3790903.0,Americas,58.207,4520.246008,,1263720000.0,,,110.1,1.26
El Salvador,1977,4282586.0,Americas,56.696,5138.922374,,2941640100.0,,,93.5,2.94
El Salvador,1982,4474873.0,Americas,56.604,4098.344175,,3399189100.0,,,73.8,3.4
El Salvador,1987,4842194.0,Americas,63.154,4140.442097,,3958045800.0,,,55.5,3.96
El Salvador,1992,5274649.0,Americas,66.798,4444.2317,,5813399300.0,,74.1399993896484,42.4,5.81
El Salvador,1997,5783439.0,Americas,69.535,5154.825496,,10221705900.0,,,31.6,10.22
El Salvador,2002,6353681.0,Americas,70.734,5351.568666,7.88565731,12664190300.0,86.6377642417652,,23.6,12.66
El Salvador,2007,6939688.0,Americas,71.878,5728.353514,8.47836304,17011750000.0,84.8412397168851,82.0299987792969,18.1,17.01
Equatorial Guinea,1952,216964.0,Africa,34.482,375.6431231,,,,,,
Equatorial Guinea,1957,232922.0,Africa,35.983,426.0964081,,,,,,
Equatorial Guinea,1962,249220.0,Africa,37.485,582.8419714,,37253333.3333333,,,,0.04
Equatorial Guinea,1967,259864.0,Africa,38.987,915.5960025,,72317446.9327193,,,,0.07
Equatorial Guinea,1972,277603.0,Africa,40.516,672.4122571,,65429198.238708,,,,0.07
Equatorial Guinea,1977,192675.0,Africa,42.024,958.5668124,,103987520.075827,,,,0.1
Equatorial Guinea,1982,285483.0,Africa,43.662,927.8253427,,44294647.733479,,,128.7,0.04
Equatorial Guinea,1987,341244.0,Africa,45.664,966.8968149,,93345859.52973,,,119.9,0.09
Equatorial Guinea,1992,387838.0,Africa,47.545,1132.055034,,134707183.84662,,,117.3,0.13
Equatorial Guinea,1997,439971.0,Africa,48.245,2814.480755,,442337870.69437,,,113.3,0.44
Equatorial Guinea,2002,495627.0,Africa,49.348,7703.4959,2.88730073,1806742742.27311,52.54199672143,,100.3,1.81
Equatorial Guinea,2007,551201.0,Africa,51.579,12154.08975,1.42080677,13071718758.7373,57.1185705825994,,83.6,13.07
Eritrea,1952,1438760.0,Africa,35.928,328.9405571,,,,,,
Eritrea,1957,1542611.0,Africa,38.047,344.1618859,,,,,,
Eritrea,1962,1666618.0,Africa,40.158,380.9958433,,,,,,
Eritrea,1967,1820319.0,Africa,42.189,468.7949699,,,,,,
Eritrea,1972,2260187.0,Africa,44.142,514.3242082,,,,,,
Eritrea,1977,2512642.0,Africa,44.535,505.7538077,,,,,96.2,
Eritrea,1982,2637297.0,Africa,43.89,524.8758493,,,,,92.3,
Eritrea,1987,2915959.0,Africa,46.453,521.1341333,,,,,87.2,
Eritrea,1992,3668440.0,Africa,49.991,582.8585102,,477101651.648376,,,74.6,0.48
Eritrea,1997,4058319.0,Africa,53.378,913.47079,,686490090.140141,,,57.7,0.69
Eritrea,2002,4414865.0,Africa,55.24,765.3500015,6.68857431,729321680.154324,47.4409244567689,52.5099983215332,47.4,0.73
Eritrea,2007,4906585.0,Africa,58.04,641.3695236,5.2786293,1317974491.05691,49.2469532106027,,40.8,1.32
Ethiopia,1952,20860941.0,Africa,34.078,362.1462796,,,,,,
Ethiopia,1957,22815614.0,Africa,36.667,378.9041632,,,,,,
Ethiopia,1962,25145372.0,Africa,40.059,419.4564161,,1747566307.0997,,,,1.75
Ethiopia,1967,27860297.0,Africa,42.115,516.1186438,,2461762002.8,,,143.2,2.46
Ethiopia,1972,30770372.0,Africa,43.515,566.2439442,,3520252938.26087,,,168.6,3.52
Ethiopia,1977,34617799.0,Africa,44.51,556.8083834,,5651840584.54106,,,148.0,5.65
Ethiopia,1982,38111756.0,Africa,44.916,577.8607471,,7899988840.57971,,,144.9,7.9
Ethiopia,1987,42999530.0,Africa,46.684,573.7413142,,10790001557.971,,,134.3,10.79
Ethiopia,1992,52088559.0,Africa,48.091,421.3534653,,10754799036.5745,,,121.3,10.75
Ethiopia,1997,59861301.0,Africa,49.402,515.8894013,,8803539988.33248,,,102.8,8.8
Ethiopia,2002,67946797.0,Africa,50.725,530.0535319,4.7126298,7850809498.16803,21.8105947283134,,85.3,7.85
Ethiopia,2007,76511887.0,Africa,52.947,690.8055759,5.00128317,19707616772.7996,29.3784617293428,39.0,67.7,19.71
Equatorial Guinea,1997,439971.0,Africa,48.245,2814.480755,,442337870.69437,,,113.3,0.44
Equatorial Guinea,2002,495627.0,Africa,49.348,7703.4959,2.88730073,1806742742.27311,52.54199672143,,100.3,1.81
Equatorial Guinea,2007,551201.0,Africa,51.579,12154.08975,1.42080677,13071718758.7373,57.1185705825994,,83.6,13.07
Finland,1952,4090500.0,Europe,66.55,6424.519071,,,,,,
Finland,1957,4324000.0,Europe,67.49,7545.415386,,,,,,
Finland,1962,4491443.0,Europe,68.75,9371.842561,,6407796042.70357,,,19.5,6.41
Finland,1967,4605744.0,Europe,69.83,10921.63626,,9468272357.09549,,,15.1,9.47
Finland,1972,4639657.0,Europe,70.87,14358.8759,,14744499569.8308,,,12.0,14.74
Finland,1977,4738902.0,Europe,72.52,15605.42283,,33502784417.884,,,8.8,33.5
Finland,1982,4826933.0,Europe,74.55,18533.15761,,52784013815.2214,,,6.5,52.78
Finland,1987,4931729.0,Europe,74.83,21141.01223,,91564993913.1611,,,6.0,91.56
Finland,1992,5041039.0,Europe,75.7,20647.16499,,112537828510.751,,,5.1,112.54
Finland,1997,5134406.0,Europe,77.13,23723.9502,,126862902302.142,,,3.9,126.86
Finland,2002,5193039.0,Europe,78.37,28204.59057,7.63005877,140360963811.765,99.9999968734503,,3.3,140.36
Finland,2007,5238460.0,Europe,79.313,33207.0844,8.08415604,256360251537.648,99.9999969532681,,2.8,256.36
France,1952,42459667.0,Europe,67.41,7029.809327,,,,,,
France,1957,44310863.0,Europe,68.93,8662.834898,,,,,,
France,1962,47124000.0,Europe,70.51,10560.48553,,75196980365.0325,,,21.3,75.2
France,1967,49569000.0,Europe,71.55,12999.91766,,118088635380.954,,,17.1,118.09
France,1972,51732000.0,Europe,72.38,16107.19171,,201738881664.499,,,13.7,201.74
France,1977,53165019.0,Europe,73.83,18292.63514,,406401711687.617,,,11.4,406.4
France,1982,54433565.0,Europe,74.89,20293.89746,,578152310609.841,,,9.4,578.15
France,1987,55630100.0,Europe,76.34,22066.44214,,926320855614.973,,,8.1,926.32
France,1992,57374179.0,Europe,77.46,24703.79615,,1389663073110.28,,,6.7,1389.66
France,1997,58623428.0,Europe,78.64,25889.78487,,1449392222971.45,,,4.6,1449.39
France,2002,59925035.0,Europe,79.59,28926.03234,10.08250141,1492427756382.43,100.0,,3.8,1492.43
France,2007,61083916.0,Europe,80.657,30470.0167,10.33418846,2655816911866.56,99.9999991615937,,3.2,2655.82
Gabon,1952,420702.0,Africa,37.003,4293.476475,,,,,,
Gabon,1957,434904.0,Africa,38.999,4976.198099,,,,,,
Gabon,1962,455661.0,Africa,40.489,6631.459222,,182796536.266025,,,108.6,0.18
Gabon,1967,489004.0,Africa,44.598,8358.761987,,271543680.048895,,,98.1,0.27
Gabon,1972,537977.0,Africa,48.69,11401.94841,,430508358.514204,,,88.0,0.43
Gabon,1977,706367.0,Africa,52.79,21745.57328,,2809349069.22118,,,78.1,2.81
Gabon,1982,753874.0,Africa,56.564,15113.36194,,3618007841.13503,,,68.7,3.62
Gabon,1987,880397.0,Africa,60.19,11864.40844,,3281797043.04996,,,61.6,3.28
Gabon,1992,985739.0,Africa,61.366,13522.15752,,5592390827.39854,,,57.4,5.59
Gabon,1997,1126189.0,Africa,60.461,14722.84188,,5326817114.53586,,,54.0,5.33
Gabon,2002,1299304.0,Africa,56.761,12521.71392,3.32970691,5335451099.88223,81.0600023349324,,48.1,5.34
Gabon,2007,1454867.0,Africa,56.735,13206.48452,3.0834198,12455409587.3371,83.3155701870669,,41.9,12.46
France,1962,47124000.0,Europe,70.51,10560.48553,,75196980365.0325,,,21.3,75.2
France,1967,49569000.0,Europe,71.55,12999.91766,,118088635380.954,,,17.1,118.09
France,1972,51732000.0,Europe,72.38,16107.19171,,201738881664.499,,,13.7,201.74
France,1977,53165019.0,Europe,73.83,18292.63514,,406401711687.617,,,11.4,406.4
France,1982,54433565.0,Europe,74.89,20293.89746,,578152310609.841,,,9.4,578.15
France,1987,55630100.0,Europe,76.34,22066.44214,,926320855614.973,,,8.1,926.32
France,1992,57374179.0,Europe,77.46,24703.79615,,1389663073110.28,,,6.7,1389.66
Gambia,1952,284320.0,Africa,30.0,485.2306591,,,,,,
Gambia,1957,323150.0,Africa,32.065,520.9267111,,,,,,
Gambia,1962,374020.0,Africa,33.896,599.650276,,,,,,
Gambia,1967,439593.0,Africa,35.857,734.7829124,,,,,,
Gambia,1972,517101.0,Africa,38.308,756.0868363,,,,,,
Gambia,1977,608274.0,Africa,41.842,884.7552507,,,,,,
Gambia,1982,715523.0,Africa,45.58,835.8096108,,,,,,
Gambia,1987,848406.0,Africa,49.265,611.6588611,,,,,,
Gambia,1992,1025384.0,Africa,52.644,665.6244126,,,,,,
Gambia,1997,1235767.0,Africa,55.861,653.7301704,,,,,,
Gambia,2002,1457766.0,Africa,58.041,660.5855997,,,,,,
Gambia,2007,1688359.0,Africa,59.448,752.7497265,,,,,,
Germany,1952,69145952.0,Europe,67.5,7144.114393,,,,,,
Germany,1957,71019069.0,Europe,69.1,10187.82665,,,,,,
Germany,1962,73739117.0,Europe,70.3,12902.46291,,105895435234.343,,,,105.9
Germany,1967,76368453.0,Europe,70.8,14745.62561,,145100667772.69,,,,145.1
Germany,1972,78717088.0,Europe,71.0,18016.18027,,300899944795.436,,,20.6,300.9
Germany,1977,78160773.0,Europe,72.5,20512.92123,,602698323085.993,,,15.5,602.7
Germany,1982,78335266.0,Europe,73.8,22031.53274,,779421633755.138,,,11.0,779.42
Germany,1987,77718298.0,Europe,74.847,24639.18566,,1302932318824.81,,,8.3,1302.93
Germany,1992,80597764.0,Europe,76.07,26505.30317,,2141377582968.07,,,6.2,2141.38
Germany,1997,82011073.0,Europe,77.34,27788.88416,,2218790886532.82,,,4.8,2218.79
Germany,2002,82350671.0,Europe,78.67,30035.80198,10.028965,2102350798305.89,99.9999978295524,,4.2,2102.35
Germany,2007,82400996.0,Europe,79.406,32170.37442,9.83482933,3484056680854.91,99.9999987891849,,3.7,3484.06
Ghana,1952,5581001.0,Africa,43.149,911.2989371,,,,,,
Ghana,1957,6391288.0,Africa,44.779,1043.561537,,,,,,
Ghana,1962,7355248.0,Africa,46.452,1190.041118,,1382515654.47343,,,120.0,1.38
Ghana,1967,8490213.0,Africa,48.072,1125.69716,,1747187644.9031,,,117.4,1.75
Ghana,1972,9354120.0,Africa,49.875,1178.223708,,2112293279.98507,,,110.8,2.11
Ghana,1977,10538093.0,Africa,51.756,993.2239571,,3189428571.42857,,,95.1,3.19
Ghana,1982,11400338.0,Africa,53.744,876.032569,,4035994397.7591,,,88.8,4.04
Ghana,1987,14168101.0,Africa,55.729,847.0061135,,5074829931.97279,,,80.3,5.07
Ghana,1992,16278738.0,Africa,57.501,925.060154,,6416103925.83267,,,69.6,6.42
Ghana,1997,18418288.0,Africa,58.556,1005.245812,,6891443192.24985,,,66.5,6.89
Ghana,2002,20550751.0,Africa,58.453,1111.984578,1.94694591,6166197847.85031,67.2870236576029,,57.8,6.17
Ghana,2007,22873338.0,Africa,60.022,1327.60891,3.70900321,24827339138.4906,72.3892820833539,,50.7,24.83
Greece,1952,7733250.0,Europe,65.86,3530.690067,,,,,,
Greece,1957,8096218.0,Europe,67.86,4916.299889,,,,,,
Greece,1962,8448233.0,Europe,69.51,6017.190733,,5140542929.42067,,,37.3,5.14
Greece,1967,8716441.0,Europe,71.0,8513.097016,,9146592855.683,,,32.4,9.15
Greece,1972,8888628.0,Europe,72.34,12724.82957,,16650659090.9091,,,25.1,16.65
Greece,1977,9308479.0,Europe,73.68,14195.52428,,35673080481.0361,,,21.1,35.67
Greece,1982,9786480.0,Europe,75.24,15268.42089,,53858346938.7755,,,15.3,53.86
Greece,1987,9974490.0,Europe,76.67,16120.52839,,64739630095.6215,,,11.3,64.74
Greece,1992,10325429.0,Europe,77.03,17541.49634,,114608178405.434,,,8.3,114.61
Greece,1997,10502372.0,Europe,77.869,18747.69814,,138766067640.085,,,6.7,138.77
Greece,2002,10603863.0,Europe,78.256,22514.2548,8.46998692,150253800085.865,99.7919945033005,,4.8,150.25
Greece,2007,10706290.0,Europe,79.483,27538.41188,8.52304935,314226996944.108,99.8745141024935,,3.5,314.23
Guatemala,1952,3146381.0,Americas,42.023,2428.237769,,,,,,
Guatemala,1957,3640876.0,Americas,44.142,2617.155967,,,,,,
Guatemala,1962,4208858.0,Americas,46.954,2750.364446,,1143600000.0,,,149.3,1.14
Guatemala,1967,4690773.0,Americas,50.016,3242.531147,,1453500000.0,,,133.1,1.45
Guatemala,1972,5149581.0,Americas,53.738,4031.408271,,2101300000.0,,,115.9,2.1
Guatemala,1977,5703430.0,Americas,56.029,4879.992748,,5480500200.0,,,99.0,5.48
Guatemala,1982,6395630.0,Americas,58.137,4820.49479,,8716999700.0,,,92.5,8.72
Guatemala,1987,7326406.0,Americas,60.782,4246.485974,,7084399840.0,,,68.6,7.08
Guatemala,1992,8486949.0,Americas,63.373,4439.45084,,10440781587.5435,,,55.7,10.44
Guatemala,1997,9803875.0,Americas,66.322,4684.313807,,17790026221.6139,,,45.6,17.79
Guatemala,2002,11178650.0,Americas,68.978,4858.347495,6.01301289,20444205991.025,88.0390155719247,69.0999984741211,37.8,20.44
Guatemala,2007,12572928.0,Americas,70.259,5186.050003,6.1918335,33567850824.1039,89.294002198525,,31.5,33.57
Guinea,1952,2664249.0,Africa,33.609,510.1964923,,,,,,
Guinea,1957,2876726.0,Africa,34.558,576.2670245,,,,,,
Guinea,1962,3140003.0,Africa,35.753,686.3736739,,,,,189.3,
Guinea,1967,3451418.0,Africa,37.197,708.7595409,,,,,184.4,
Guinea,1972,3811387.0,Africa,38.842,741.6662307,,4203069035.01427,,,177.7,4.2
Guinea,1952,2664249.0,Africa,33.609,510.1964923,,,,,,
Guinea,1957,2876726.0,Africa,34.558,576.2670245,,,,,,
Guinea,1962,3140003.0,Africa,35.753,686.3736739,,,,,189.3,
Guinea,1967,3451418.0,Africa,37.197,708.7595409,,,,,184.4,
Guinea,1972,3811387.0,Africa,38.842,741.6662307,,4203069035.01427,,,177.7,4.2
Guinea,1977,4227026.0,Africa,40.762,874.6858643,,6914381290.57116,,,168.4,6.91
Guinea,1982,4710497.0,Africa,42.891,857.2503577,,11926032493.4301,,,155.5,11.93
Guinea,1987,5650262.0,Africa,45.552,805.5724718,,2976714019.06852,,,142.8,2.98
Guinea,1992,6990574.0,Africa,48.576,794.3484384,,4789220416.70641,,,127.7,4.79
Guinea,1997,8048834.0,Africa,51.455,869.4497668,,5516916163.0949,,,108.9,5.52
Guinea,2002,8807818.0,Africa,53.676,945.5835837,5.35653734,4301608752.51396,51.2523026990112,,90.1,4.3
Guinea,2007,9947814.0,Africa,56.007,942.6542111,3.48262477,6281918226.34408,54.972295205421,,77.9,6.28
Guinea-Bissau,1952,580653.0,Africa,32.5,299.850319,,,,,,
Guinea-Bissau,1957,601095.0,Africa,33.489,431.7904566,,,,,,
Guinea-Bissau,1962,627820.0,Africa,34.488,522.0343725,,,,,,
Guinea-Bissau,1967,601287.0,Africa,35.492,715.5806402,,,,,,
Guinea-Bissau,1972,625361.0,Africa,36.486,820.2245876,,227986203.29754,,,,0.23
Guinea-Bissau,1977,745228.0,Africa,37.465,764.7259628,,298871674.860041,,,,0.3
Guinea-Bissau,1982,825987.0,Africa,39.327,838.1239671,,430284021.883771,,,,0.43
Guinea-Bissau,1987,927524.0,Africa,41.245,736.4153921,,451893374.95907,,,129.1,0.45
Guinea-Bissau,1992,1050938.0,Africa,43.266,745.5398706,,588309271.28603,,,120.0,0.59
Guinea-Bissau,1997,1193708.0,Africa,44.873,796.6644681,,698107222.422492,,,108.4,0.7
Guinea-Bissau,2002,1332459.0,Africa,45.504,575.7047176,3.87280011,466773711.235579,56.0766781223188,,94.8,0.47
Guinea-Bissau,2007,1472041.0,Africa,46.388,579.231743,4.92573404,753162998.015113,58.0535126816811,,78.2,0.75
Haiti,1952,3201488.0,Americas,37.579,1840.366939,,,,,,
Haiti,1957,3507701.0,Americas,40.696,1726.887882,,,,,,
Haiti,1962,3880130.0,Americas,43.59,1796.589032,,281896800.0,,,190.2,0.28
Haiti,1967,4318137.0,Americas,46.243,1452.057666,,369124200.0,,,177.2,0.37
Haiti,1972,4698301.0,Americas,48.042,1654.456946,,371998958.402916,,,161.2,0.37
Haiti,1977,4908554.0,Americas,49.923,1874.298931,,947000000.0,,,141.9,0.95
Haiti,1982,5198399.0,Americas,51.461,2011.159549,,1474200000.0,,34.7299995422363,123.8,1.47
Haiti,1987,5756203.0,Americas,53.636,1823.015995,,2047200000.0,,,107.3,2.05
Haiti,1992,6326682.0,Americas,55.089,1456.309517,,2257129791.61575,,,93.0,2.26
Haiti,1997,6913545.0,Americas,56.671,1341.726931,,3338949151.59927,,,78.8,3.34
Haiti,2002,7607651.0,Americas,58.137,1270.364932,3.43250132,6205847213.6351,56.8689780584715,,66.7,6.21
Haiti,2007,8502814.0,Americas,60.916,1201.637154,3.64734101,9228637767.69009,61.4285173392054,,59.1,9.23
Honduras,1952,1517453.0,Americas,41.912,2194.926204,,,,,,
Honduras,1957,1770390.0,Americas,44.665,2220.487682,,,,,,
Honduras,1962,2090162.0,Americas,48.041,2291.156835,,532450000.0,,,134.4,0.53
Honduras,1967,2500689.0,Americas,50.924,2538.269358,,750950000.0,,,116.1,0.75
Honduras,1972,2965146.0,Americas,53.884,2529.842345,,1030645362.09587,,,98.0,1.03
Honduras,1977,3055235.0,Americas,57.402,3203.208066,,1900700000.0,,,80.7,1.9
Honduras,1982,3669448.0,Americas,60.909,3121.760794,,3619500000.0,,,64.7,3.62
Honduras,1987,4372203.0,Americas,64.492,3023.096699,,5024800000.0,,,51.3,5.02
Honduras,1992,5077347.0,Americas,66.399,3081.694603,,4122846905.18198,,,40.9,4.12
Honduras,1997,5867957.0,Americas,67.659,3160.454906,,5569178707.22433,,,33.5,5.57
Honduras,2002,6677328.0,Americas,68.565,3099.72866,6.2445755,7858255412.86038,86.7288882403504,,27.2,7.86
Honduras,2007,7483763.0,Americas,70.198,3548.330846,8.08494949,12361257680.5627,89.0405738660816,83.5899963378906,22.3,12.36
Hong Kong China,1952,2125900.0,Asia,60.96,3054.421209,,,,,,
Hong Kong China,1957,2736300.0,Asia,64.75,3629.076457,,,,,,
Hong Kong China,1962,3305200.0,Asia,67.65,4692.648272,,,,,,
Hong Kong China,1967,3722800.0,Asia,70.0,6197.962814,,,,,,
Hong Kong China,1972,4115700.0,Asia,72.0,8315.928145,,,,,,
Hong Kong China,1977,4583700.0,Asia,73.6,11186.14125,,,,,,
Hong Kong China,1982,5264500.0,Asia,75.45,14560.53051,,,,,,
Hong Kong China,1987,5584510.0,Asia,76.2,20038.47269,,,,,,
Hong Kong China,1992,5829696.0,Asia,77.601,24757.60301,,,,,,
Hong Kong China,1997,6495918.0,Asia,80.0,28377.63219,,,,,,
Hong Kong China,2002,6762476.0,Asia,81.495,30209.01516,,,,,,
Hong Kong China,2007,6980412.0,Asia,82.208,39724.97867,,,,,,
Hungary,1952,9504000.0,Europe,64.03,5263.673816,,,,,,
Hungary,1957,9839000.0,Europe,66.41,6040.180011,,,,,,
Hungary,1962,10063000.0,Europe,67.96,7550.359877,,,,,44.0,
Hungary,1967,10223422.0,Europe,69.5,9326.64467,,,,,37.8,
Hungary,1972,10394091.0,Europe,69.76,10168.65611,,7379313742.13684,,,34.6,7.38
Hungary,1977,10637171.0,Europe,69.95,11674.83737,,14783674054.829,,,26.6,14.78
Hungary,1982,10705535.0,Europe,69.39,12545.99066,,24141667188.0517,,,19.8,24.14
Hungary,1987,10612740.0,Europe,69.58,12986.47998,,27232016527.4237,,,17.5,27.23
Hungary,1992,10348684.0,Europe,69.17,10535.62855,,38857339124.9084,,,13.7,38.86
Hungary,1997,10244684.0,Europe,71.04,11712.7768,,47398564799.2496,,,9.9,47.4
Hungary,2002,10083313.0,Europe,72.59,14843.93556,7.1181159,67636468625.0428,94.5133631793189,,7.6,67.64
Hungary,2007,9956108.0,Europe,73.338,18008.94444,7.20719147,140123326896.329,96.0814951789226,,5.8,140.12
Iceland,1952,147962.0,Europe,72.49,7267.688428,,,,,,
Iceland,1957,165110.0,Europe,73.47,9244.001412,,,,,,
Iceland,1962,182053.0,Europe,73.68,10350.15906,,299309938.066264,,,16.7,0.3
Iceland,1967,198676.0,Europe,73.73,13319.89568,,652609075.682946,,,14.4,0.65
Iceland,1972,209275.0,Europe,74.46,15798.06362,,869002945.841831,,,11.9,0.87
Iceland,1977,221823.0,Europe,76.11,19654.96247,,2285707748.78061,,,9.3,2.29
Iceland,1982,233997.0,Europe,76.99,23269.6075,,3318714326.1952,,,7.0,3.32
Iceland,1987,244676.0,Europe,77.23,26923.20628,,5713281235.45655,,,5.7,5.71
Iceland,1992,259012.0,Europe,78.77,25144.39201,,7328497599.30768,,,4.8,7.33
Iceland,1997,271192.0,Europe,78.95,28061.09966,,7716781803.07823,,,3.7,7.72
Iceland,2002,288030.0,Europe,80.5,31163.20196,9.40382481,9416199699.54736,100.0,,2.8,9.42
Iceland,2007,301931.0,Europe,81.757,36180.78919,8.3535862,21960110030.4426,100.0,,2.2,21.96
India,1952,372000000.0,Asia,37.373,546.5657493,,,,,,
India,1957,409000000.0,Asia,40.249,590.061996,,,,,,
India,1962,454000000.0,Asia,43.605,658.3471509,,42161481858.0819,,,146.6,42.16
India,1967,506000000.0,Asia,47.193,700.7706107,,50134942204.0,,,139.2,50.13
India,1972,567000000.0,Asia,50.651,724.032527,,71464700666.9869,,,131.2,71.46
India,1977,634000000.0,Asia,54.208,813.337323,,121486641441.309,,,117.9,121.49
India,1982,708000000.0,Asia,56.596,855.7235377,,200715624830.902,,,102.4,200.72
India,1987,788000000.0,Asia,58.553,976.5126756,,279033584092.223,,,90.8,279.03
India,1992,872000000.0,Asia,60.223,1164.406809,,288208070278.013,,,80.7,288.21
India,1997,959000000.0,Asia,61.765,1458.817442,,415867563592.829,,,72.1,415.87
India,2002,1034172547.0,Asia,62.879,1746.769454,4.31453371,514939140318.756,80.7684916224213,,62.4,514.94
India,2007,1110396331.0,Asia,64.698,2452.210407,3.58103991,1216736438834.96,84.2553439378038,,52.5,1216.74
Indonesia,1952,82052000.0,Asia,37.468,749.6816546,,,,,,
Indonesia,1957,90124000.0,Asia,39.918,858.9002707,,,,,,
Indonesia,1962,99028000.0,Asia,42.518,849.2897701,,,,,139.3,
Indonesia,1967,109343000.0,Asia,45.964,762.4317721,,5667756627.92093,,,122.0,5.67
Indonesia,1972,121282000.0,Asia,49.203,1111.107907,,10997590361.4458,,,106.1,11.0
Indonesia,1977,136725000.0,Asia,52.702,1382.702056,,45808915662.6506,,,93.3,45.81
Indonesia,1982,153343000.0,Asia,56.159,1516.872988,,90158449294.9921,,,82.7,90.16
Indonesia,1987,169276000.0,Asia,60.137,1748.356961,,75929617557.7521,,,71.8,75.93
Indonesia,1992,184816000.0,Asia,62.681,2383.140898,,128026966579.964,,,59.3,128.03
Indonesia,1997,199278000.0,Asia,66.041,3119.335603,,215748998609.635,,,47.5,215.75
Indonesia,2002,211060000.0,Asia,68.588,2873.91287,1.98062706,195660611165.183,77.764828826511,,37.9,195.66
Indonesia,2007,223547000.0,Asia,70.65,3540.651564,2.82385564,432216737774.861,82.5614830626383,,30.6,432.22
Iran,1952,17272000.0,Asia,44.869,3035.326002,,,,,,
Iran,1957,19792000.0,Asia,47.181,3290.257643,,,,,,
Iran,1962,22874000.0,Asia,49.325,4187.329802,,,,,,
Iran,1967,26538000.0,Asia,52.469,5906.731805,,,,,,
Iran,1972,30614000.0,Asia,55.234,9613.818607,,,,,,
Iran,1977,35480679.0,Asia,57.702,11888.59508,,,,,,
Iran,1982,43072751.0,Asia,59.62,7608.334602,,,,,,
Iran,1987,51889696.0,Asia,63.04,6642.881371,,,,,,
Iran,1992,60397973.0,Asia,65.742,7235.653188,,,,,,
Iran,1997,63327987.0,Asia,68.042,8263.590301,,,,,,
Iran,2002,66907826.0,Asia,69.451,9240.761975,,,,,,
Iran,2007,69453570.0,Asia,70.964,11605.71449,,,,,,
Iraq,1952,5441766.0,Asia,45.32,4129.766056,,,,,,
Iraq,1957,6248643.0,Asia,48.437,6229.333562,,,,,,
Iraq,1962,7240260.0,Asia,51.457,8341.737815,,1784174540.73018,,,124.0,1.78
Iraq,1967,8519282.0,Asia,54.459,8931.459811,,2551522656.19094,,,97.1,2.55
Iraq,1972,10061506.0,Asia,56.95,9576.037596,,4113848002.40312,,,78.4,4.11
Iraq,1977,11882916.0,Asia,60.413,14688.23507,,19838130714.5276,,,64.0,19.84
Iraq,1982,14173318.0,Asia,62.038,14517.90711,,42382333333.3333,,,53.8,42.38
Iraq,1987,16543189.0,Asia,65.044,11643.57268,,56774193548.3871,,,47.3,56.77
Iraq,1992,17861905.0,Asia,59.461,3745.640687,,553671957.671958,,,43.4,0.55
Iraq,1997,20775703.0,Asia,58.811,3076.239795,,20764857056.3795,,,40.4,20.76
Iraq,2002,24001816.0,Asia,57.046,4390.717312,,32928454672.4246,82.6260373037079,,37.1,32.93
Iraq,2007,27499638.0,Asia,59.545,4471.061906,3.2148056,88837057319.5179,87.0697453969481,,33.5,88.84
Ireland,1952,2952156.0,Europe,66.91,5210.280328,,,,,,
Ireland,1957,2878220.0,Europe,68.9,5599.077872,,,,,,
Ireland,1962,2830000.0,Europe,70.29,6631.597314,,2329372971.89171,,,28.1,2.33
Ireland,1967,2900100.0,Europe,71.08,7655.568963,,3445739914.73101,,,22.0,3.45
Ireland,1972,3024400.0,Europe,71.28,9530.772896,,6318060582.21873,,,18.3,6.32
Ireland,1977,3271900.0,Europe,72.03,11150.98113,,11248340431.3779,,,15.2,11.25
Ireland,1982,3480000.0,Europe,73.1,12618.32141,,21474752962.2178,,,10.3,21.47
Ireland,1987,3539900.0,Europe,74.36,13872.86652,,33920518492.5094,,,8.4,33.92
Ireland,1992,3557761.0,Europe,75.467,17558.81555,,55918538121.3989,,,6.7,55.92
Ireland,1997,3667233.0,Europe,76.122,24521.94713,,82856648758.3572,,,6.1,82.86
Ireland,2002,3879155.0,Europe,77.783,34077.04939,6.67263031,128596035288.401,96.6839393286038,,5.5,128.6
Ireland,2007,4109086.0,Europe,78.885,40675.99635,7.80773735,270079279419.5,96.7827341812859,,3.9,270.08
Israel,1952,1620914.0,Asia,65.39,4086.522128,,,,,,
Israel,1957,1944401.0,Asia,67.84,5385.278451,,,,,,
Israel,1962,2310904.0,Asia,69.39,7105.630706,,2966154031.33123,,,35.1,2.97
Israel,1967,2693585.0,Asia,70.75,8393.741404,,4762386782.7194,,,28.2,4.76
Israel,1972,3095893.0,Asia,71.63,12786.93223,,9222557538.58382,,,23.9,9.22
Israel,1977,3495918.0,Asia,73.06,13306.61921,,18257113904.2478,,,18.6,18.26
Israel,1982,3858421.0,Asia,74.45,15367.0292,,29255285401.3621,,,14.1,29.26
Israel,1987,4203148.0,Asia,75.6,17122.47986,,43049543634.9607,,,11.0,43.05
Israel,1992,4936550.0,Asia,76.93,18051.52254,,79457685757.166,,,8.7,79.46
Israel,1997,5531387.0,Asia,78.269,20896.60924,,119459826346.611,,,6.4,119.46
Israel,2002,6029529.0,Asia,79.696,21905.59514,6.90767479,125332331883.997,99.9999966748332,,5.1,125.33
Israel,2007,6426679.0,Asia,80.745,25523.2771,6.67256165,184681214673.45,99.9999967389264,,4.1,184.68
Italy,1952,47666000.0,Europe,65.94,4931.404155,,,,,,
Italy,1957,49182000.0,Europe,67.81,6248.656232,,,,,,
Italy,1962,50843200.0,Europe,69.24,8243.58234,,52413872628.0045,,,40.9,52.41
Italy,1967,52667100.0,Europe,71.06,10022.40131,,84401995573.2456,,,33.1,84.4
Italy,1972,54365564.0,Europe,72.19,12269.27378,,145594833997.344,,,26.4,145.59
Italy,1977,56059245.0,Europe,73.48,14255.98475,,258190019749.835,,,17.3,258.19
Italy,1982,56535636.0,Europe,74.98,16537.4835,,428257421617.752,,,12.6,428.26
Italy,1987,56729703.0,Europe,76.42,19207.23482,,807570134448.76,,,9.5,807.57
Italy,1992,56840847.0,Europe,77.44,22013.64486,,1323204350353.5,,,7.7,1323.2
Italy,1997,57479469.0,Europe,78.82,24675.02446,,1244988176443.84,,,5.6,1244.99
Italy,2002,57926999.0,Europe,80.24,27968.09817,7.83638906,1281746271196.04,99.6084844677844,,4.3,1281.75
Italy,2007,58147733.0,Europe,80.546,28569.7197,8.10167217,2222524108127.65,99.7370468037462,,3.6,2222.52
Jamaica,1952,1426095.0,Americas,58.53,2898.530881,,,,,,
Jamaica,1957,1535090.0,Americas,62.61,4756.525781,,,,,,
Jamaica,1962,1665128.0,Americas,65.61,5246.107524,,777727688.908924,,,60.0,0.78
Jamaica,1967,1861096.0,Americas,67.51,6124.703451,,1148014310.8255,,,51.4,1.15
Jamaica,1972,1997616.0,Americas,69.0,7433.889293,,1875146587.4443,,,43.0,1.88
Jamaica,1977,2156814.0,Americas,70.11,6650.195573,,3249733139.73314,,,35.5,3.25
Jamaica,1982,2298309.0,Americas,71.21,6068.05135,,3293496311.93093,,,30.3,3.29
Jamaica,1987,2326606.0,Americas,71.77,6351.237495,,3287007321.56699,,,26.5,3.29
Jamaica,1992,2378618.0,Americas,71.766,7404.923685,,3535460089.80719,,,23.5,3.54
Jamaica,1997,2531311.0,Americas,72.262,7121.924704,,8400041723.54861,,,20.3,8.4
Jamaica,2002,2664659.0,Americas,72.047,6994.774861,5.57934141,9719009494.84779,93.4126955865185,,17.7,9.72
Jamaica,2007,2780132.0,Americas,72.567,7320.880262,6.19109583,12799600047.1845,93.0501887643258,,17.4,12.8
Japan,1952,86459025.0,Asia,63.03,3216.956347,,,,,,
Japan,1957,91563009.0,Asia,65.5,4317.694365,,,,,,
Japan,1962,95831757.0,Asia,68.73,6576.649461,,64987857541.6256,,,25.4,64.99
Japan,1967,100825279.0,Asia,71.43,9847.788607,,132475614226.519,,,16.2,132.48
Japan,1972,107188273.0,Asia,73.42,14778.78636,,324933841268.585,,,11.9,324.93
Japan,1977,113872473.0,Asia,75.38,16610.37701,,737069290927.712,,,8.8,737.07
Japan,1982,118454974.0,Asia,77.11,19384.10571,,1158731426905.85,,,6.5,1158.73
Japan,1987,122091325.0,Asia,78.67,22375.94189,,2580748422781.09,,,5.0,2580.75
Japan,1992,124329269.0,Asia,79.36,26824.89511,,3980702922117.66,,,4.4,3980.7
Japan,1997,125956499.0,Asia,80.69,28816.58499,,4492448605638.94,,,3.8,4492.45
Japan,2002,127065841.0,Asia,82.0,28604.5919,7.35235405,4182846045873.61,98.5196139100947,,3.0,4182.85
Japan,2007,127467972.0,Asia,82.603,31656.06806,7.77935696,4579750920354.81,98.6243856033764,,2.6,4579.75
Jordan,1952,607914.0,Asia,43.158,1546.907807,,,,,,
Jordan,1957,746559.0,Asia,45.669,1886.080591,,,,,,
Jordan,1962,933559.0,Asia,48.126,2348.009158,,,,,100.7,
Jordan,1967,1255058.0,Asia,51.629,2741.796252,,631679747.328101,,,80.5,0.63
Jordan,1972,1613551.0,Asia,56.528,2110.856309,,788479684.608126,,,65.5,0.79
Jordan,1977,1937652.0,Asia,61.134,2852.351568,,2096778602.16785,,,53.0,2.1
Jordan,1982,2347031.0,Asia,63.739,4161.415959,,4681240992.70338,,,42.8,4.68
Jordan,1987,2820042.0,Asia,65.869,4448.679912,,6756209762.48231,,,34.6,6.76
Jordan,1992,3867409.0,Asia,68.015,3431.593647,,5310833193.59005,,,29.0,5.31
Jordan,1997,4526235.0,Asia,69.772,3645.379572,,7245839210.15515,,,24.9,7.25
Jordan,2002,5307470.0,Asia,71.263,3844.917194,9.2786417,9582510578.27927,98.4342212914986,,21.5,9.58
Jordan,2007,6053193.0,Asia,72.535,4519.461171,7.90982628,17110437235.543,98.6711635910559,92.1999969482422,18.5,17.11
Kenya,1952,6464046.0,Africa,42.27,853.540919,,,,,,
Kenya,1957,7454779.0,Africa,44.686,944.4383152,,,,,,
Kenya,1962,8678557.0,Africa,47.949,896.9663732,,868111400.75544,,,104.1,0.87
Kenya,1967,10191512.0,Africa,50.654,1056.736457,,1232559506.9762,,,92.4,1.23
Kenya,1972,12044785.0,Africa,53.559,1222.359968,,2107279157.08834,,,84.3,2.11
Kenya,1977,14500404.0,Africa,56.155,1267.613204,,4494378764.32011,,,74.6,4.49
Kenya,1982,17661452.0,Africa,58.766,1348.225791,,6431579356.95926,,,65.7,6.43
Kenya,1987,21198082.0,Africa,59.339,1361.936856,,7970820369.2949,,,63.3,7.97
Kenya,1992,25020539.0,Africa,59.285,1341.921721,,8209120763.04955,,,70.4,8.21
Kenya,1997,28263827.0,Africa,54.407,1360.485021,,13115764358.2846,,,69.1,13.12
Kenya,2002,31386842.0,Africa,50.992,1287.514732,3.82159472,13147736898.5176,47.0979850578154,,58.3,13.15
Kenya,2007,35610177.0,Africa,54.11,1463.249282,5.12358475,31958195182.2406,51.3998249048434,,45.0,31.96
Korea Dem. Rep.,1952,8865488.0,Asia,50.056,1088.277758,,,,,,
Korea Dem. Rep.,1957,9411381.0,Asia,54.081,1571.134655,,,,,,
Korea Dem. Rep.,1962,10917494.0,Asia,56.656,1621.693598,,,,,,
Korea Dem. Rep.,1967,12617009.0,Asia,59.942,2143.540609,,,,,,
Korea Dem. Rep.,1972,14781241.0,Asia,63.983,3701.621503,,,,,,
Korea Dem. Rep.,1977,16325320.0,Asia,67.159,4106.301249,,,,,,
Korea Dem. Rep.,1982,17647518.0,Asia,69.1,4106.525293,,,,,,
Korea Dem. Rep.,1987,19067554.0,Asia,70.647,4106.492315,,,,,,
Korea Dem. Rep.,1992,20711375.0,Asia,69.978,3726.063507,,,,,,
Korea Dem. Rep.,1997,21585105.0,Asia,67.727,1690.756814,,,,,,
Korea Dem. Rep.,2002,22215365.0,Asia,66.662,1646.758151,,,,,,
Korea Dem. Rep.,2007,23301725.0,Asia,67.297,1593.06548,,,,,,
Korea Rep.,1952,20947571.0,Asia,47.453,1030.592226,,,,,,
Korea Rep.,1957,22611552.0,Asia,52.681,1487.593537,,,,,,
Korea Rep.,1962,26420307.0,Asia,55.292,1536.344387,,,,,,
Korea Rep.,1967,30131000.0,Asia,57.716,2029.228142,,,,,,
Korea Rep.,1972,33505000.0,Asia,62.612,3030.87665,,,,,,
Korea Rep.,1977,36436000.0,Asia,64.766,4657.22102,,,,,,
Korea Rep.,1982,39326000.0,Asia,67.123,5622.942464,,,,,,
Korea Rep.,1987,41622000.0,Asia,69.81,8533.088805,,,,,,
Korea Rep.,1992,43805450.0,Asia,72.244,12104.27872,,,,,,
Korea Rep.,1997,46173816.0,Asia,74.647,15993.52796,,,,,,
Korea Rep.,2002,47969150.0,Asia,77.045,19233.98818,,,,,,
Korea Rep.,2007,49044790.0,Asia,78.623,23348.13973,,,,,,
Kuwait,1952,160000.0,Asia,55.565,108382.3529,,,,,,
Kuwait,1957,212846.0,Asia,58.033,113523.1329,,,,,,
Kuwait,1962,358266.0,Asia,60.47,95458.11176,,1828107502.79955,,,101.9,1.83
Kuwait,1967,575003.0,Asia,64.624,80894.88326,,2441599023.36039,,,71.5,2.44
Kuwait,1972,841934.0,Asia,67.712,109347.867,,4450537925.33189,,,52.0,4.45
Kuwait,1977,1140357.0,Asia,69.343,59265.47714,,14137406740.5065,,,37.9,14.14
Kuwait,1982,1497494.0,Asia,71.309,31354.03573,,21577153356.4192,,,25.4,21.58
Kuwait,1987,1891487.0,Asia,74.174,28118.42998,,22368704133.6668,,,17.3,22.37
Kuwait,1992,1418095.0,Asia,75.19,34932.91959,,19858555214.7239,,,13.2,19.86
Kuwait,1997,1765345.0,Asia,76.156,40300.61996,,30350190704.4361,,,11.5,30.35
Kuwait,2002,2111561.0,Asia,76.904,35110.10566,3.12441754,38135788413.8276,100.0,,10.3,38.14
Kuwait,2007,2505559.0,Asia,77.588,47306.98978,1.92673647,114634043361.692,100.0,93.6600036621094,9.6,114.63
Lebanon,1952,1439529.0,Asia,55.928,4834.804067,,,,,,
Lebanon,1957,1647412.0,Asia,59.489,6089.786934,,,,,,
Lebanon,1962,1886848.0,Asia,62.094,5714.560611,,,,,61.4,
Lebanon,1967,2186894.0,Asia,63.87,6006.983042,,,,,54.9,
Lebanon,1972,2680018.0,Asia,65.421,7486.384341,,,,,52.4,
Lebanon,1977,3115787.0,Asia,66.099,8659.696836,,,,,59.3,
Lebanon,1982,3086876.0,Asia,66.983,7640.519521,,,,,73.3,
Lebanon,1987,3089353.0,Asia,67.926,5377.091329,,,,,41.4,
Lebanon,1992,3219994.0,Asia,69.292,6890.806854,,5843579160.90122,,,25.6,5.84
Lebanon,1997,3430388.0,Asia,70.265,8754.96385,,15751867489.4446,,,20.4,15.75
Lebanon,2002,3677780.0,Asia,71.028,9313.93883,9.28233719,19152238805.9701,85.233296333686,,15.8,19.15
Lebanon,2007,3921278.0,Asia,71.993,10461.05868,8.55984211,24827355014.9254,87.5235899350969,89.6100006103516,12.3,24.83
Lesotho,1952,748747.0,Africa,42.138,298.8462121,,,,,,
Lesotho,1957,813338.0,Africa,45.047,335.9971151,,,,,,
Lesotho,1962,893143.0,Africa,47.747,411.8006266,,41859983.2560067,,,140.1,0.04
Lesotho,1967,996380.0,Africa,48.492,498.6390265,,59261976.2952095,,,145.9,0.06
Lesotho,1972,1116779.0,Africa,49.767,496.5815922,,80913200.4292822,,,137.2,0.08
Lesotho,1977,1251524.0,Africa,52.208,745.3695408,,193315048.328762,,,119.3,0.19
Lesotho,1982,1411807.0,Africa,55.078,797.2631074,,348741683.673845,,,96.7,0.35
Lesotho,1987,1599200.0,Africa,57.18,773.9932141,,402768324.481971,,,81.0,0.4
Lesotho,1992,1803195.0,Africa,59.685,977.4862725,,831029861.704746,,,74.8,0.83
Lesotho,1997,1982823.0,Africa,55.558,1186.147994,,998004258.715675,,,74.8,1.0
Lesotho,2002,2046772.0,Africa,44.593,1275.184575,5.8607502,775777238.55814,65.5201920460199,,76.4,0.78
Lesotho,2007,2012649.0,Africa,42.592,1569.331442,7.22251844,1682131784.51365,68.3621774697103,,79.0,1.68
Liberia,1952,863308.0,Africa,38.48,575.5729961,,,,,,
Liberia,1957,975950.0,Africa,39.486,620.9699901,,,,,,
Liberia,1962,1112796.0,Africa,40.502,634.1951625,,191861800.0,,,198.9,0.19
Liberia,1967,1279406.0,Africa,41.536,713.6036483,,261024300.0,,,193.1,0.26
Liberia,1972,1482628.0,Africa,42.614,803.0054535,,368098000.0,,,178.6,0.37
Liberia,1977,1703617.0,Africa,43.764,640.3224383,,673010600.0,,,164.6,0.67
Liberia,1982,1956875.0,Africa,44.852,572.1995694,,863933200.0,,,154.2,0.86
Liberia,1987,2269414.0,Africa,46.027,506.1138573,,972800000.0,,,160.5,0.97
Liberia,1992,1912974.0,Africa,40.802,636.6229191,,223500000.0,,,171.9,0.22
Liberia,1997,2200725.0,Africa,42.221,609.1739508,,295900000.0,,,148.3,0.3
Liberia,2002,2814651.0,Africa,43.753,531.4823679,2.16462922,927000000.0,62.8078227070838,,109.5,0.93
Liberia,2007,3193942.0,Africa,45.678,414.5073415,4.32884932,1373000000.0,66.9527157246347,,79.8,1.37
Libya,1952,1019729.0,Africa,42.723,2387.54806,,,,,,
Libya,1957,1201578.0,Africa,45.289,3448.284395,,,,,,
Libya,1962,1441863.0,Africa,47.808,6757.030816,,619725784.909686,,,171.4,0.62
Libya,1967,1759224.0,Africa,50.227,18772.75169,,2726986912.80523,,,122.8,2.73
Libya,1972,2183877.0,Africa,52.773,21011.49721,,6299395543.96301,,,86.1,6.3
Libya,1977,2721783.0,Africa,57.442,21951.21176,,22428297107.5929,,,62.5,22.43
Libya,1982,3344074.0,Africa,62.155,17364.27538,,33760146990.5726,,,48.3,33.76
Libya,1987,3799845.0,Africa,66.234,11770.5898,,26697659334.6911,,,37.3,26.7
Libya,1992,4364501.0,Africa,68.755,9640.138501,,33887047909.2746,,,28.7,33.89
Libya,1997,4759670.0,Africa,71.555,9467.446056,,30700897874.8704,,,23.4,30.7
Libya,2002,5368585.0,Africa,72.737,9534.677467,4.73818302,20481889763.7795,,,20.3,20.48
Libya,2007,6036914.0,Africa,73.952,12057.49928,2.41929626,68032978390.6007,,,15.7,68.03
Madagascar,1952,4762912.0,Africa,36.681,1443.011715,,,,,,
Madagascar,1957,5181679.0,Africa,38.865,1589.20275,,,,,,
Madagascar,1962,5703324.0,Africa,40.848,1643.38711,,739286907.592778,,,,0.74
Madagascar,1967,6334556.0,Africa,42.881,1634.047282,,956436932.101291,,,,0.96
Madagascar,1972,7082430.0,Africa,44.851,1748.562982,,1341590690.41365,,,82.2,1.34
Madagascar,1977,8007166.0,Africa,46.881,1544.228586,,2358930406.0689,,,90.9,2.36
Madagascar,1982,9171477.0,Africa,48.969,1302.878658,,4784977325.95803,,,174.0,4.78
Madagascar,1987,10568642.0,Africa,49.35,1155.441948,,3212900555.8091,,,98.7,3.21
Madagascar,1992,12210395.0,Africa,52.214,1040.67619,,3714966678.33381,,,86.1,3.71
Madagascar,1997,14165114.0,Africa,54.978,986.2958956,,4262965419.74998,,,73.7,4.26
Madagascar,2002,16473477.0,Africa,57.286,894.6370822,4.92866945,5351701663.40807,37.8285452576804,,60.5,5.35
Madagascar,2007,19167654.0,Africa,59.443,1044.770126,4.60865784,8524620889.57747,41.7110487315334,,50.3,8.52
Malawi,1952,2917802.0,Africa,36.256,369.1650802,,,,,,
Malawi,1957,3221238.0,Africa,37.207,416.3698064,,,,,,
Malawi,1962,3628608.0,Africa,38.41,427.9010856,,,,,164.1,
Malawi,1967,4147252.0,Africa,39.487,495.5147806,,,,,165.7,
Malawi,1972,4730997.0,Africa,41.766,584.6219709,,,,,161.4,
Malawi,1977,5637246.0,Africa,43.767,663.2236766,,,,,144.2,
Malawi,1982,6502825.0,Africa,45.642,632.8039209,,1717379494.63245,,,128.9,1.72
Malawi,1987,7824747.0,Africa,47.457,635.5173634,,1721711808.48111,,48.5400009155273,138.3,1.72
Malawi,1992,10014249.0,Africa,49.42,563.2000145,,2618837835.02508,,,126.4,2.62
Malawi,1997,10419991.0,Africa,47.495,692.2758103,,3875785863.38323,,,111.7,3.88
Malawi,2002,11824495.0,Africa,45.009,665.4231186,2.69725966,5087328437.8737,55.7358012245672,,83.8,5.09
Malawi,2007,13327079.0,Africa,48.303,759.3499101,5.44258356,6451210219.11683,59.7001195551836,,59.1,6.45
Malaysia,1952,6748378.0,Asia,48.463,1831.132894,,,,,,
Malaysia,1957,7739235.0,Asia,52.102,1810.066992,,,,,,
Malaysia,1962,8906385.0,Asia,55.737,2036.884944,,2001489602.18475,,,59.8,2.0
Malaysia,1967,10154878.0,Asia,59.371,2277.742396,,3188924677.08953,,,45.9,3.19
Malaysia,1972,11441462.0,Asia,63.01,2849.09478,,5043347250.41815,,,37.3,5.04
Malaysia,1977,12845381.0,Asia,65.256,3827.921571,,13139488632.5546,,,27.6,13.14
Malaysia,1982,14441916.0,Asia,68.0,4920.355951,,26804493635.3297,,,19.7,26.8
Malaysia,1987,16331785.0,Asia,69.5,5249.802653,,32181210157.9671,,,14.4,32.18
Malaysia,1992,18319502.0,Asia,70.693,7277.912802,,59167550162.956,,,11.3,59.17
Malaysia,1997,20476091.0,Asia,71.938,10132.90964,,100005323301.867,,,9.3,100.01
Malaysia,2002,22662365.0,Asia,73.044,10206.97794,2.66876554,100845526315.789,96.3185542508289,,6.8,100.85
Malaysia,2007,24821286.0,Asia,74.241,12451.6558,3.07041144,193549569477.733,96.8049040699595,,6.5,193.55
Mali,1952,3838168.0,Africa,33.685,452.3369807,,,,,,
Mali,1957,4241884.0,Africa,35.307,490.3821867,,,,,,
Mali,1962,4690372.0,Africa,36.936,496.1743428,,,,,,
Mali,1967,5212416.0,Africa,38.487,545.0098873,,275494477.586098,,,202.0,0.28
Mali,1972,5828158.0,Africa,39.977,581.3688761,,486617280.255549,,,187.6,0.49
Mali,1977,6491649.0,Africa,41.714,686.3952693,,1049838548.10919,,,168.8,1.05
Mali,1982,6998256.0,Africa,43.916,618.0140641,,1680304773.44143,,,149.0,1.68
Mali,1987,7634008.0,Africa,46.364,684.1715576,,2437004679.62818,,,132.2,2.44
Mali,1992,8416215.0,Africa,48.388,739.014375,,3680775036.80972,,,120.8,3.68
Mali,1997,9384984.0,Africa,49.903,790.2579846,,3414879485.63064,,,111.4,3.41
Mali,2002,10580176.0,Africa,51.818,951.4097518,4.99775982,4647238256.5683,52.6652852945174,,96.8,4.65
Mali,2007,12031795.0,Africa,54.467,1042.581557,5.2530427,9699047442.51269,60.8678932754337,,83.4,9.7
Mauritania,1952,1022556.0,Africa,40.543,743.1159097,,,,,,
Mauritania,1957,1076852.0,Africa,42.338,846.1202613,,,,,,
Mauritania,1962,1146757.0,Africa,44.248,1055.896036,,164271557.513473,,,128.5,0.16
Mauritania,1967,1230542.0,Africa,46.289,1421.145193,,282615310.216284,,,114.4,0.28
Mauritania,1972,1332786.0,Africa,48.437,1586.851781,,391669449.290746,,,127.8,0.39
Mauritania,1977,1456688.0,Africa,50.852,1497.492223,,799030017.057464,,,105.6,0.8
Mauritania,1982,1622136.0,Africa,53.599,1481.150189,,1108776652.78389,,,93.5,1.11
Mauritania,1987,1841240.0,Africa,56.145,1421.603576,,1344664724.68991,,,78.3,1.34
Mauritania,1992,2119465.0,Africa,58.333,1361.369784,,2164298425.48412,,,72.8,2.16
Mauritania,1997,2444741.0,Africa,60.43,1483.136136,,2071996564.05296,,,71.9,2.07
Mauritania,2002,2828858.0,Africa,62.247,1579.019543,4.00224972,1777057481.26043,43.8234469336447,,61.7,1.78
Mauritania,2007,3270065.0,Africa,64.164,1803.151496,2.87644005,4346212355.02975,51.4299037180572,,47.2,4.35
Mauritius,1952,516556.0,Africa,50.986,1967.955707,,,,,,
Mauritius,1957,609816.0,Africa,58.089,2034.037981,,,,,,
Mauritius,1962,701016.0,Africa,60.246,2529.067487,,197738207.858208,,,63.1,0.2
Mauritius,1967,789309.0,Africa,61.557,2475.387562,,238439290.867222,,,69.2,0.24
Mauritius,1972,851334.0,Africa,62.944,2575.484158,,318664899.637091,,,60.1,0.32
Mauritius,1977,913025.0,Africa,64.93,3710.982963,,834722972.199873,,,39.0,0.83
Mauritius,1982,992040.0,Africa,66.711,3688.037739,,1092923635.57767,,,27.6,1.09
Mauritius,1987,1042663.0,Africa,68.74,4783.586903,,1906174437.96762,,,24.0,1.91
Mauritius,1992,1096202.0,Africa,69.745,6058.253846,,3267677814.23984,,,18.3,3.27
Mauritius,1997,1149818.0,Africa,70.736,7425.705295,,4243755307.55239,,,19.8,4.24
Mauritius,2002,1200206.0,Africa,71.954,9021.815894,3.18897271,4906494249.38255,99.403804146101,,14.6,4.91
Mauritius,2007,1250882.0,Africa,72.801,10956.99112,3.52321672,8277442915.00168,99.5200720163926,,13.3,8.28
Mexico,1952,30144317.0,Americas,50.789,3478.125529,,,,,,
Mexico,1957,35015548.0,Americas,55.19,4131.546641,,,,,,
Mexico,1962,41121485.0,Americas,58.299,4581.609385,,15200000000.0,,,100.2,15.2
Mexico,1967,47995559.0,Americas,60.11,5754.733883,,26560000000.0,,,88.5,26.56
Mexico,1972,55984294.0,Americas,62.361,6809.40669,,45200000000.0,,,77.4,45.2
Mexico,1977,63759976.0,Americas,65.032,7674.929108,,81912018783.5024,,,66.0,81.91
Mexico,1982,71640904.0,Americas,67.405,9611.147541,,184602611609.517,,,54.1,184.6
Mexico,1987,80122492.0,Americas,69.498,8688.156003,,147542558208.888,,,43.6,147.54
Mexico,1992,88111030.0,Americas,71.455,9472.384295,,363157832923.734,,,34.8,363.16
Mexico,1997,95895146.0,Americas,73.67,9767.29753,,523449530464.257,,,27.5,523.45
Mexico,2002,102479927.0,Americas,74.902,10742.44053,4.83042812,810666116401.915,92.5226572701038,90.2699966430664,21.9,810.67
Mexico,2007,108700891.0,Americas,76.195,11977.57496,5.50668049,1102355554971.95,94.8449664577953,92.8000030517578,18.4,1102.36
Mongolia,1952,800663.0,Asia,42.244,786.5668575,,,,,,
Mongolia,1957,882134.0,Asia,45.248,912.6626085,,,,,,
Mongolia,1962,1010280.0,Asia,48.251,1056.353958,,,,,,
Mongolia,1967,1149500.0,Asia,51.253,1226.04113,,,,,,
Mongolia,1972,1320500.0,Asia,53.754,1421.741975,,,,,,
Mongolia,1977,1528000.0,Asia,55.491,1647.511665,,,,,,
Mongolia,1982,1756032.0,Asia,57.489,2000.603139,,2552401933.33333,,,92.3,2.55
Mongolia,1987,2015133.0,Asia,60.222,2338.008304,,3020611600.0,,,81.2,3.02
Mongolia,1992,2312802.0,Asia,61.271,1785.402016,,1317611863.84977,,,69.2,1.32
Mongolia,1997,2494803.0,Asia,63.625,1902.2521,,1180934202.83801,,,57.2,1.18
Mongolia,2002,2674234.0,Asia,65.033,2140.739323,5.49190998,1396555719.97409,65.2096971996007,,40.5,1.4
Mongolia,2007,2874127.0,Asia,66.803,3095.772271,4.07522774,4234999703.90059,71.7804641476083,,26.5,4.23
Montenegro,1952,413834.0,Europe,59.164,2647.585601,,,,,,
Montenegro,1957,442829.0,Europe,61.448,3682.259903,,,,,,
Montenegro,1962,474528.0,Europe,63.728,4649.593785,,,,,,
Montenegro,1967,501035.0,Europe,67.178,5907.850937,,,,,,
Montenegro,1972,527678.0,Europe,70.636,7778.414017,,,,,,
Montenegro,1977,560073.0,Europe,73.066,9595.929905,,,,,,
Montenegro,1982,562548.0,Europe,74.101,11222.58762,,,,,,
Montenegro,1987,569473.0,Europe,74.865,11732.51017,,,,,18.5,
Montenegro,1992,621621.0,Europe,75.435,7003.339037,,,,,13.8,
Montenegro,1997,692651.0,Europe,75.445,6465.613349,,838288806.001293,,,13.4,0.84
Montenegro,2002,720230.0,Europe,73.981,6557.194282,,1284685050.52413,,,11.5,1.28
Montenegro,2007,684736.0,Europe,74.543,9253.896111,,3677910895.15467,95.4603088591974,,7.8,3.68
Morocco,1952,9939217.0,Africa,42.873,1688.20357,,,,,,
Morocco,1957,11406350.0,Africa,45.423,1642.002314,,,,,,
Morocco,1962,13056604.0,Africa,47.924,1566.353493,,2379611124.61442,,,147.0,2.38
Morocco,1967,14770296.0,Africa,50.335,1711.04477,,3046345314.38655,,,134.9,3.05
Morocco,1972,16660670.0,Africa,52.862,1930.194975,,5074117544.77482,,,124.9,5.07
Morocco,1977,18396941.0,Africa,55.73,2370.619976,,11049783871.8144,,,111.9,11.05
Morocco,1982,20198730.0,Africa,59.65,2702.620356,,17692276734.171,,30.2600002288818,91.4,17.69
Morocco,1987,22987397.0,Africa,62.677,2755.046991,,21765195948.189,,,73.5,21.77
Morocco,1992,25798239.0,Africa,65.393,2948.047252,,33711069430.78,,,61.1,33.71
Morocco,1997,28529501.0,Africa,67.66,2982.101858,,39147844526.0838,,,50.7,39.15
Morocco,2002,31167783.0,Africa,69.615,3258.495584,4.06117535,47077192187.6418,64.7639532171435,,42.1,47.08
Morocco,2007,33757175.0,Africa,71.164,3820.17523,4.80759001,86947913286.728,71.5537323474751,,33.2,86.95
Mozambique,1952,6446316.0,Africa,31.286,468.5260381,,,,,,
Mozambique,1957,7038035.0,Africa,33.779,495.5868333,,,,,,
Mozambique,1962,7788944.0,Africa,36.161,556.6863539,,,,,,
Mozambique,1967,8680909.0,Africa,38.113,566.6691539,,,,,149.7,
Mozambique,1972,9809596.0,Africa,40.328,724.9178037,,,,,152.3,
Mozambique,1977,11127868.0,Africa,42.495,502.3197334,,,,,152.9,
Mozambique,1982,12587223.0,Africa,42.795,462.2114149,,,,,155.0,
Mozambique,1987,12891952.0,Africa,42.861,389.8761846,,,,,150.8,
Mozambique,1992,13160731.0,Africa,44.284,410.8968239,,2798696511.18156,,,145.3,2.8
Mozambique,1997,16603334.0,Africa,46.344,472.3460771,,4873663774.93019,,38.7099990844727,126.0,4.87
Mozambique,2002,18473780.0,Africa,44.026,633.6179466,3.18652654,5950769426.60213,25.8920562991607,,95.2,5.95
Mozambique,2007,19951656.0,Africa,42.082,823.6856205,3.79955554,10811456005.9405,33.5293144441132,,70.1,10.81
Myanmar,1952,20092996.0,Asia,36.319,331.0,,,,,,
Myanmar,1957,21731844.0,Asia,41.905,350.0,,,,,,
Myanmar,1962,23634436.0,Asia,45.108,388.0,,634528872.02036,,,,0.63
Myanmar,1967,25870271.0,Asia,49.379,349.0,,420359035.897436,,,,0.42
Myanmar,1972,28466390.0,Asia,53.07,357.0,,662213082.741535,,,120.0,0.66
Myanmar,1977,31528087.0,Asia,56.059,371.0,,873579931.929901,,,109.7,0.87
Myanmar,1982,34680442.0,Asia,58.056,424.0,,1481165467.83214,,,100.8,1.48
Myanmar,1987,38028578.0,Asia,58.339,385.0,,1562448076.65689,,,94.6,1.56
Myanmar,1992,40546538.0,Asia,59.32,347.0,,2411552288.76212,,,87.4,2.41
Myanmar,1997,43247867.0,Asia,60.328,415.0,,4722288495.66085,,,78.9,4.72
Myanmar,2002,45598081.0,Asia,59.908,611.0,2.59446764,6777632512.0781,50.2257370348603,,70.5,6.78
Myanmar,2007,47761980.0,Asia,62.069,944.0,2.03606868,20182477480.5512,58.7062336029249,,60.5,20.18
Namibia,1952,485831.0,Africa,41.725,2423.780443,,,,,,
Namibia,1957,548080.0,Africa,45.226,2621.448058,,,,,,
Namibia,1962,621392.0,Africa,48.386,3173.215595,,,,,,
Namibia,1967,706640.0,Africa,51.159,3793.694753,,,,,59.6,
Namibia,1972,821782.0,Africa,53.867,3746.080948,,,,,63.4,
Namibia,1977,977026.0,Africa,56.437,3876.485958,,,,,69.6,
Namibia,1982,1099010.0,Africa,58.968,4191.100511,,2118710248.32937,,,70.8,2.12
Namibia,1987,1278184.0,Africa,60.835,3693.731337,,2300068216.96898,,,60.9,2.3
Namibia,1992,1554253.0,Africa,61.999,3804.537999,,3429521699.4026,,,53.7,3.43
Namibia,1997,1774766.0,Africa,58.909,3899.52426,,4154989950.00393,,,50.9,4.15
Namibia,2002,1972153.0,Africa,51.479,4072.324751,10.47871208,3349169826.38896,77.0810806268773,,46.0,3.35
Namibia,2007,2055080.0,Africa,52.906,4811.060429,11.41372871,8839536475.99963,79.4708868241615,,41.4,8.84
Nepal,1952,9182536.0,Asia,36.157,545.8657229,,,,,,
Nepal,1957,9682338.0,Asia,37.686,597.9363558,,,,,,
Nepal,1962,10332057.0,Asia,39.393,652.3968593,,574091101.194382,,,214.3,0.57
Nepal,1967,11261690.0,Asia,41.472,676.4422254,,841974025.462659,,,194.0,0.84
Nepal,1972,12412593.0,Asia,43.971,674.7881296,,1024098400.35619,,,174.3,1.02
Nepal,1977,13933198.0,Asia,46.748,694.1124398,,1382400000.0,,,156.8,1.38
Nepal,1982,15796314.0,Asia,49.594,718.3730947,,2395423741.79762,,,137.0,2.4
Nepal,1987,17917180.0,Asia,52.537,775.6324501,,2957255379.54315,,,115.7,2.96
Nepal,1992,20326209.0,Asia,55.727,897.7403604,,3401211581.29176,,,92.5,3.4
Nepal,1997,23001113.0,Asia,59.426,1010.892138,,4918691916.53516,,,72.4,4.92
Nepal,2002,25873917.0,Asia,61.34,1057.206311,3.93863344,6050875806.66403,80.8065175847141,,56.0,6.05
Nepal,2007,28901790.0,Asia,63.785,1091.359778,3.67297482,10325618017.379,83.9381629345447,,45.0,10.33
Netherlands,1952,10381988.0,Europe,72.13,8941.571858,,,,,,
Netherlands,1957,11026383.0,Europe,72.99,11276.19344,,,,,,
Netherlands,1962,11805689.0,Europe,73.23,12790.84956,,15847582341.1664,,,15.6,15.85
Netherlands,1967,12596822.0,Europe,73.82,15363.25136,,27143828098.7481,,,13.8,27.14
Netherlands,1972,13329874.0,Europe,73.75,18794.74567,,54787070173.0294,,,11.7,54.79
Netherlands,1977,13852989.0,Europe,75.24,21209.0592,,127203923857.412,,,9.7,127.2
Netherlands,1982,14310401.0,Europe,76.05,21399.46046,,158712765536.024,,,8.4,158.71
Netherlands,1987,14665278.0,Europe,76.83,23651.32361,,245406949521.323,,,7.5,245.41
Netherlands,1992,15174244.0,Europe,77.42,26790.94961,,363497050125.313,,,6.3,363.5
Netherlands,1997,15604464.0,Europe,78.03,30246.13063,,417506211881.635,,,5.4,417.51
Netherlands,2002,16122830.0,Europe,78.53,33724.75778,8.61879349,475529972122.746,100.0,,4.9,475.53
Netherlands,2007,16570613.0,Europe,79.762,36797.93332,9.00052166,853499460872.552,100.0,,4.1,853.5
New Zealand,1952,1994794.0,Oceania,69.39,10556.57566,,,,,,
New Zealand,1957,2229407.0,Oceania,70.26,12247.39532,,,,,,
New Zealand,1962,2488550.0,Oceania,71.24,13175.678,,6133158532.21667,,,20.9,6.13
New Zealand,1967,2728150.0,Oceania,71.52,14463.91893,,6016017227.09124,,,17.9,6.02
New Zealand,1972,2929100.0,Oceania,71.89,16046.03728,,9567331064.65727,,,16.2,9.57
New Zealand,1977,3164900.0,Oceania,72.22,16233.7177,,15446825318.4556,,,14.0,15.45
New Zealand,1982,3210650.0,Oceania,73.84,17632.4104,,24164603058.9949,,,12.2,24.16
New Zealand,1987,3317166.0,Oceania,74.32,19007.19129,,40376354069.9474,,,10.6,40.38
New Zealand,1992,3437674.0,Oceania,76.33,18363.32494,,41649829859.6342,,,8.2,41.65
New Zealand,1997,3676187.0,Oceania,77.55,21050.41377,,66075143415.4952,,,6.6,66.08
New Zealand,2002,3908037.0,Oceania,79.11,23189.80135,7.90034246,66627729311.4495,100.0,,5.8,66.63
New Zealand,2007,4115771.0,Oceania,80.204,25185.00911,8.32899952,137188946865.584,99.999996901465,,5.3,137.19
Nicaragua,1952,1165790.0,Americas,42.314,3112.363948,,,,,,
Nicaragua,1957,1358828.0,Americas,45.432,3457.415947,,,,,,
Nicaragua,1962,1590597.0,Americas,48.632,3634.364406,,269283803.686825,,,132.3,0.27
Nicaragua,1967,1865490.0,Americas,51.884,4643.393534,,657140010.747554,,,127.4,0.66
Nicaragua,1972,2182908.0,Americas,55.151,4688.593267,,878570045.450998,,,130.4,0.88
Nicaragua,1977,2554598.0,Americas,57.47,5486.371089,,2226999873.71856,,,101.2,2.23
Nicaragua,1982,2979423.0,Americas,59.298,3470.338156,,2454499872.03789,,,73.9,2.45
Nicaragua,1987,3344353.0,Americas,62.008,2955.984375,,3851200117.77355,,,62.1,3.85
Nicaragua,1992,4017939.0,Americas,65.843,2170.151724,,1792800000.0,,,51.0,1.79
Nicaragua,1997,4609572.0,Americas,68.426,2253.023004,,4389973489.86032,,,38.2,4.39
Nicaragua,2002,5146848.0,Americas,70.836,2474.548819,5.73315859,5223727302.54906,,,28.8,5.22
Nicaragua,2007,5675356.0,Americas,72.899,2749.320965,6.95643044,7423375014.75729,,,23.3,7.42
Niger,1952,3379468.0,Africa,37.444,761.879376,,,,,,
Niger,1957,3692184.0,Africa,38.598,835.5234025,,,,,,
Niger,1962,4076008.0,Africa,39.487,997.7661127,,531736599.250464,,,,0.53
Niger,1967,4534062.0,Africa,40.118,1054.384891,,665586872.274446,,,,0.67
Niger,1972,5060262.0,Africa,40.546,954.2092363,,742779660.818693,,,152.6,0.74
Niger,1977,5682086.0,Africa,41.291,808.8970728,,1291458041.46193,,,147.8,1.29
Niger,1982,6437188.0,Africa,42.598,909.7221354,,2017612215.97935,,,141.8,2.02
Niger,1987,7332638.0,Africa,44.555,668.3000228,,2233006104.92776,,,149.9,2.23
Niger,1992,8392818.0,Africa,47.391,581.182725,,3386232579.22522,,,142.5,3.39
Niger,1997,9666252.0,Africa,51.313,580.3052092,,2290318910.20658,,,120.1,2.29
Niger,2002,11140655.0,Africa,54.496,601.0745012,4.82717037,2782192878.67204,38.1115370315666,,99.4,2.78
Niger,2007,12894865.0,Africa,56.867,619.6768924,5.43105888,5731485051.79069,41.7774242131502,,77.3,5.73
Nigeria,1952,33119096.0,Africa,36.324,1077.281856,,,,,,
Nigeria,1957,37173340.0,Africa,37.802,1100.592563,,,,,,
Nigeria,1962,41871351.0,Africa,39.36,1150.927478,,4909399176.24033,,,,4.91
Nigeria,1967,47287752.0,Africa,41.04,1014.514104,,5203237918.70483,,,159.5,5.2
Nigeria,1972,53740085.0,Africa,42.821,1698.388838,,12274416017.7976,,,137.7,12.27
Nigeria,1977,62209173.0,Africa,44.514,1981.951806,,36035407725.3219,,,115.4,36.04
Nigeria,1982,73039376.0,Africa,45.826,1576.97375,,142769363314.176,,,103.5,142.77
Nigeria,1987,81551520.0,Africa,46.886,1385.029563,,52676041931.1087,,,103.8,52.68
Nigeria,1992,93364244.0,Africa,47.472,1619.848217,,52058181853.8055,,,104.7,52.06
Nigeria,1997,106207839.0,Africa,47.464,1624.941275,,200850397618.182,,,102.1,200.85
Nigeria,2002,119901274.0,Africa,46.608,1615.286395,2.49063969,95054059302.6995,47.3236744097303,,88.6,95.05
Nigeria,2007,135031164.0,Africa,46.859,2013.977305,3.90997243,278260846800.103,55.2248334433962,,75.6,278.26
Norway,1952,3327728.0,Europe,72.67,10095.42172,,,,,,
Norway,1957,3491938.0,Europe,73.44,11653.97304,,,,,,
Norway,1962,3638919.0,Europe,73.47,13450.40151,,6107076928.63372,,,17.5,6.11
Norway,1967,3786019.0,Europe,74.08,16361.87647,,9577383653.18303,,,14.8,9.58
Norway,1972,3933004.0,Europe,74.34,18965.05551,,17358610849.701,,,12.1,17.36
Norway,1977,4043205.0,Europe,75.37,23311.34939,,41508030431.1074,,,9.3,41.51
Norway,1982,4114787.0,Europe,75.97,26298.63531,,62647195537.6511,,,8.0,62.65
Norway,1987,4186147.0,Europe,75.89,31540.9748,,94229907235.6215,,,8.2,94.23
Norway,1992,4286357.0,Europe,77.32,33965.66115,,130838040067.584,,,5.9,130.84
Norway,1997,4405672.0,Europe,78.32,41283.16433,,161356631888.484,,,4.2,161.36
Norway,2002,4535591.0,Europe,79.05,44683.97525,8.98267078,195914852576.467,100.0,,3.7,195.91
Norway,2007,4627926.0,Europe,80.196,49357.19017,8.01673985,402643260487.572,100.0,,3.0,402.64
Oman,1952,507833.0,Asia,37.578,1828.230307,,,,,,
Oman,1957,561977.0,Asia,40.08,2242.746551,,,,,,
Oman,1962,628164.0,Asia,43.165,2924.638113,,56273202.1971746,,,223.3,0.06
Oman,1967,714775.0,Asia,46.988,4720.942687,,107151832.489651,,,186.7,0.11
Oman,1972,829050.0,Asia,52.143,10618.03855,,366883548.347591,,,149.6,0.37
Oman,1977,1004533.0,Asia,57.367,11848.34392,,2741169947.88651,,,110.4,2.74
Oman,1982,1301048.0,Asia,62.728,12954.79101,,7554719455.70353,,,71.5,7.55
Oman,1987,1593882.0,Asia,67.734,18115.22313,,7811183094.92848,,,42.3,7.81
Oman,1992,1915208.0,Asia,71.197,18616.70691,,14183615084.5254,,,25.8,14.18
Oman,1997,2283635.0,Asia,72.499,19702.05581,,18039791937.5813,,,16.7,18.04
Oman,2002,2713462.0,Asia,74.193,19774.83687,2.77737164,23065539661.8986,85.6294622656884,,11.9,23.07
Oman,2007,3204897.0,Asia,75.64,22316.19287,2.11371112,48300390117.0351,86.7831972682,,9.9,48.3
Pakistan,1952,41346560.0,Asia,43.436,684.5971438,,,,,,
Pakistan,1957,46679944.0,Asia,45.557,747.0835292,,,,,,
Pakistan,1962,53100671.0,Asia,47.67,803.3427418,,4310163796.72407,,,158.3,4.31
Pakistan,1967,60641899.0,Asia,49.8,942.4082588,,7464510709.7858,,,140.8,7.46
Pakistan,1972,69325921.0,Asia,51.929,1049.938981,,9415016359.56604,,,133.2,9.42
Pakistan,1977,78152686.0,Asia,54.043,1175.921193,,15126060606.0606,,,129.3,15.13
Pakistan,1982,91462088.0,Asia,56.158,1443.429832,,30725971563.981,,,125.7,30.73
Pakistan,1987,105186881.0,Asia,58.245,1704.686583,,33351529274.6869,,,118.4,33.35
Pakistan,1992,120065004.0,Asia,60.838,1971.829464,,48884671947.4657,,,108.9,48.88
Pakistan,1997,135564834.0,Asia,61.818,2049.350521,,62433340468.0228,,,96.4,62.43
Pakistan,2002,153403524.0,Asia,63.61,2092.712441,2.42219901,97923302809.3537,87.8248146353087,,84.7,97.92
Pakistan,2007,169270617.0,Asia,65.483,2605.94758,2.62370729,184140869997.46,88.3130427829655,52.1399993896484,77.3,184.14
Panama,1952,940080.0,Americas,55.191,2480.380334,,,,,,
Panama,1957,1063506.0,Americas,59.201,2961.800905,,,,,,
Panama,1962,1215725.0,Americas,61.817,3536.540301,,652120900.0,,,62.5,0.65
Panama,1967,1405486.0,Americas,64.071,4421.009084,,1034376400.0,,,56.1,1.03
Panama,1972,1616384.0,Americas,66.216,5364.249663,,1673411700.0,,,46.1,1.67
Panama,1977,1839782.0,Americas,68.681,5351.912144,,2738261900.0,,,36.7,2.74
Panama,1982,2036305.0,Americas,70.472,7009.601598,,5769767900.0,,,31.6,5.77
Panama,1987,2253639.0,Americas,71.523,7034.779161,,6827665300.0,,,26.3,6.83
Panama,1992,2484997.0,Americas,72.462,6618.74305,,8042337700.0,,,23.0,8.04
Panama,1997,2734531.0,Americas,73.738,7113.692252,,10058854386.1392,,,21.8,10.06
Panama,2002,2990875.0,Americas,74.712,7356.031934,7.05643845,12800851270.5514,90.3289872671352,,19.3,12.8
Panama,2007,3242173.0,Americas,75.537,9809.185636,7.35227633,21717433808.2684,91.4461388885148,,16.3,21.72
Paraguay,1952,1555876.0,Americas,62.649,1952.308701,,,,,,
Paraguay,1957,1770902.0,Americas,63.196,2046.154706,,,,,,
Paraguay,1962,2009813.0,Americas,64.361,2148.027146,,360698412.698413,,,62.7,0.36
Paraguay,1967,2287985.0,Americas,64.951,2299.376311,,492674603.174603,,,62.0,0.49
Paraguay,1972,2614104.0,Americas,65.815,2523.337977,,769039682.539683,,,60.6,0.77
Paraguay,1977,2984494.0,Americas,66.353,3248.373311,,2092158730.15873,,,56.4,2.09
Paraguay,1982,3366439.0,Americas,66.874,4258.503604,,5419411764.70588,,78.4599990844727,49.7,5.42
Paraguay,1987,3886512.0,Americas,67.378,3998.875695,,3971044723.8024,,,42.0,3.97
Paraguay,1992,4483945.0,Americas,68.225,4196.411078,,7157424031.06045,,90.2699966430664,35.3,7.16
Paraguay,1997,5154123.0,Americas,69.4,4247.400261,,9965225678.05093,,,30.7,9.97
Paraguay,2002,5884491.0,Americas,70.755,3783.674243,4.75770569,7196260656.84556,79.1178795847731,,27.5,7.2
Paraguay,2007,6667147.0,Americas,71.752,4172.838464,5.02042723,17856393235.4338,85.0852532199197,94.5599975585938,24.5,17.86
Peru,1952,8025700.0,Americas,43.902,3758.523437,,,,,,
Peru,1957,9146100.0,Americas,46.263,4245.256698,,,,,,
Peru,1962,10516500.0,Americas,49.096,4957.037982,,3284322201.27831,,,146.6,3.28
Peru,1967,12132200.0,Americas,51.445,5788.09333,,6194340079.8786,,,124.7,6.19
Peru,1972,13954700.0,Americas,55.448,5937.827283,,9189413409.28138,,,108.2,9.19
Peru,1977,15990099.0,Americas,58.447,6281.290855,,14544913960.5062,,,94.9,14.54
Peru,1982,18125129.0,Americas,61.406,6434.501797,,21794535621.216,,,85.5,21.79
Peru,1987,20195924.0,Americas,64.134,6360.943444,,36889706592.6843,,,69.3,36.89
Peru,1992,22430449.0,Americas,66.458,4446.380924,,35966302303.263,,,54.0,35.97
Peru,1997,24748122.0,Americas,68.386,5838.347657,,58147522522.5225,,,38.1,58.15
Peru,2002,26769436.0,Americas,69.906,5909.020073,4.93902588,54777553515.0809,81.9120898487203,,25.9,54.78
Peru,2007,28674757.0,Americas,71.421,7408.905561,4.42611313,102170981144.136,85.4925787573111,89.5899963378906,19.1,102.17
Philippines,1952,22438691.0,Asia,47.752,1272.880995,,,,,,
Philippines,1957,26072194.0,Asia,51.334,1547.944844,,,,,,
Philippines,1962,30325264.0,Asia,54.757,1649.552153,,4954593071.82796,,,59.4,4.95
Philippines,1967,35356600.0,Asia,56.393,1814.12743,,7724873935.12821,,,54.9,7.72
Philippines,1972,40850141.0,Asia,58.065,1989.37407,,9067815521.3262,,,52.9,9.07
Philippines,1977,46850962.0,Asia,60.06,2373.204287,,22283109803.3521,,,53.4,22.28
Philippines,1982,53456774.0,Asia,62.082,2603.273765,,42206011275.1757,,,51.5,42.21
Philippines,1987,60017788.0,Asia,64.151,2189.634995,,37791488666.0743,,,45.4,37.79
Philippines,1992,67185766.0,Asia,66.458,2279.324017,,60422328242.1803,,,34.9,60.42
Philippines,1997,75012988.0,Asia,68.564,2536.534925,,94106317565.0846,,,29.0,94.11
Philippines,2002,82995088.0,Asia,70.303,2650.921068,2.63767385,84307345887.543,87.2412451973365,,26.4,84.31
Philippines,2007,91077287.0,Asia,71.688,3190.481016,3.75318074,155980408673.403,89.1223731975384,,24.1,155.98
Poland,1952,25730551.0,Europe,61.31,4029.329699,,,,,,
Poland,1957,28235346.0,Europe,65.77,4734.253019,,,,,,
Poland,1962,30329617.0,Europe,67.64,5338.752143,,,,,50.0,
Poland,1967,31785378.0,Europe,69.61,6557.152776,,,,,36.1,
Poland,1972,33039545.0,Europe,70.85,8006.506993,,,,,28.6,
Poland,1977,34621254.0,Europe,70.67,9508.141454,,,,,23.1,
Poland,1982,36227381.0,Europe,71.32,8451.531004,,,,,19.9,
Poland,1987,37740710.0,Europe,70.98,9082.351172,,,,,16.6,
Poland,1992,38370697.0,Europe,70.99,7738.881247,,94337050693.2727,,,14.4,94.34
Poland,1997,38654957.0,Europe,72.75,10159.58368,,159893964916.817,,,10.4,159.89
Poland,2002,38625976.0,Europe,74.67,12002.23908,6.04828405,199694463255.567,,,7.3,199.69
Poland,2007,38518241.0,Europe,75.563,15389.92468,5.86390114,429715132137.503,98.2325323124188,,6.0,429.72
Portugal,1952,8526050.0,Europe,59.82,3068.319867,,,,,,
Portugal,1957,8817650.0,Europe,61.51,3774.571743,,,,,,
Portugal,1962,9019800.0,Europe,64.39,4727.954889,,3835883663.25123,,,78.5,3.84
Portugal,1967,9103000.0,Europe,66.6,6361.517993,,6002607029.64663,,,61.7,6.0
Portugal,1972,8970450.0,Europe,69.26,9022.247417,,11239117865.0852,,,47.4,11.24
Portugal,1977,9662600.0,Europe,70.41,10172.48572,,21439523310.6338,,,29.5,21.44
Portugal,1982,9859650.0,Europe,72.77,11753.84291,,30527754793.1382,,,19.9,30.53
Portugal,1987,9915289.0,Europe,74.06,13039.30876,,48182925857.4071,,,14.5,48.18
Portugal,1992,9927680.0,Europe,74.86,16207.26663,,107592098307.098,,,9.7,107.59
Portugal,1997,10156415.0,Europe,75.97,17641.03156,,117016535162.95,,,6.6,117.02
Portugal,2002,10433867.0,Europe,77.29,19970.90787,8.78642941,134795565549.419,99.2046765501516,,4.7,134.8
Portugal,2007,10642836.0,Europe,78.098,20509.64777,9.25186634,240496147317.381,99.1678155368085,,3.3,240.5
Puerto Rico,1952,2227000.0,Americas,64.28,3081.959785,,,,,,
Puerto Rico,1957,2260000.0,Americas,68.54,3907.156189,,,,,,
Puerto Rico,1962,2448046.0,Americas,69.62,5108.34463,,,,,,
Puerto Rico,1967,2648961.0,Americas,71.1,6929.277714,,,,,,
Puerto Rico,1972,2847132.0,Americas,72.16,9123.041742,,,,,,
Puerto Rico,1977,3080828.0,Americas,73.44,9770.524921,,,,,,
Puerto Rico,1982,3279001.0,Americas,73.75,10330.98915,,,,,,
Puerto Rico,1987,3444468.0,Americas,74.63,12281.34191,,,,,,
Puerto Rico,1992,3585176.0,Americas,73.911,14641.58711,,,,,,
Puerto Rico,1997,3759430.0,Americas,74.917,16999.4333,,,,,,
Puerto Rico,2002,3859606.0,Americas,77.778,18855.60618,,,,,,
Puerto Rico,2007,3942491.0,Americas,78.746,19328.70901,,,,,,
Reunion,1952,257700.0,Africa,52.724,2718.885295,,,,,,
Reunion,1957,308700.0,Africa,55.09,2769.451844,,,,,,
Reunion,1962,358900.0,Africa,57.666,3173.72334,,,,,,
Reunion,1967,414024.0,Africa,60.542,4021.175739,,,,,,
Reunion,1972,461633.0,Africa,64.274,5047.658563,,,,,,
Reunion,1977,492095.0,Africa,67.064,4319.804067,,,,,,
Reunion,1982,517810.0,Africa,69.885,5267.219353,,,,,,
Reunion,1987,562035.0,Africa,71.913,5303.377488,,,,,,
Reunion,1992,622191.0,Africa,73.615,6101.255823,,,,,,
Reunion,1997,684810.0,Africa,74.772,6071.941411,,,,,,
Reunion,2002,743981.0,Africa,75.744,6316.1652,,,,,,
Reunion,2007,798094.0,Africa,76.442,7670.122558,,,,,,
Romania,1952,16630000.0,Europe,61.05,3144.613186,,,,,,
Romania,1957,17829327.0,Europe,64.1,3943.370225,,,,,,
Romania,1962,18680721.0,Europe,66.8,4734.997586,,,,,59.5,
Romania,1967,19284814.0,Europe,66.8,6470.866545,,,,,54.1,
Romania,1972,20662648.0,Europe,69.21,8011.414402,,,,,39.3,
Romania,1977,21658597.0,Europe,69.46,9356.39724,,,,,31.4,
Romania,1982,22356726.0,Europe,69.66,9605.314053,,,,,25.7,
Romania,1987,22686371.0,Europe,69.53,9696.273295,,38067567567.5676,,,26.9,38.07
Romania,1992,22797027.0,Europe,69.36,6598.409903,,25121666666.6667,,96.7099990844727,22.8,25.12
Romania,1997,22562458.0,Europe,69.72,7346.547557,,35575214078.2428,,,21.3,35.58
Romania,2002,22404337.0,Europe,71.322,7885.360081,4.57694626,46065502702.5817,100.0,97.3000030517578,17.1,46.07
Romania,2007,22276056.0,Europe,72.476,10808.47561,5.02223349,174588782938.583,99.9999991390449,,12.9,174.59
Rwanda,1952,2534927.0,Africa,40.0,493.3238752,,,,,,
Rwanda,1957,2822082.0,Africa,41.5,540.2893983,,,,,,
Rwanda,1962,3051242.0,Africa,43.0,597.4730727,,125000008.0,,,117.0,0.13
Rwanda,1967,3451079.0,Africa,44.1,510.9637142,,159560018.0,,,113.5,0.16
Rwanda,1972,3992121.0,Africa,44.6,590.5806638,,246457838.336681,,,119.3,0.25
Rwanda,1977,4657072.0,Africa,45.0,670.0806011,,746650613.034794,,,131.7,0.75
Rwanda,1982,5507565.0,Africa,46.218,881.5706467,,1407243139.2545,,,101.7,1.41
Rwanda,1987,6349365.0,Africa,44.02,847.991217,,2157432667.61598,,,86.2,2.16
Rwanda,1992,7290203.0,Africa,23.599,737.0685949,,2029026961.55894,,,101.5,2.03
Rwanda,1997,7212583.0,Africa,36.087,589.9445051,,1851558197.31088,,,128.5,1.85
Rwanda,2002,7852401.0,Africa,43.413,785.6537648,3.12787294,1966003468.49117,49.1857227790083,,88.7,1.97
Rwanda,2007,8860588.0,Africa,46.242,863.0884639,7.86262226,4070507894.61656,51.89573756501,,53.2,4.07
Sao Tome And Principe,1952,60011.0,Africa,46.471,879.5835855,,,,,,
Sao Tome And Principe,1957,61325.0,Africa,48.945,860.7369026,,,,,,
Sao Tome And Principe,1962,65345.0,Africa,51.893,1071.551119,,,,,,
Sao Tome And Principe,1967,70787.0,Africa,54.425,1384.840593,,,,,52.9,
Sao Tome And Principe,1972,76595.0,Africa,56.48,1532.985254,,41430256.8067496,,,50.9,0.04
Sao Tome And Principe,1977,86796.0,Africa,58.55,1737.561657,,49207692.3210324,,,52.8,0.05
Sao Tome And Principe,1982,98593.0,Africa,60.351,1890.218117,,80307762.6236105,,,56.0,0.08
Sao Tome And Principe,1987,110812.0,Africa,61.728,1516.525457,,115952925.468271,,,62.7,0.12
Sao Tome And Principe,1992,125911.0,Africa,62.742,1428.777814,,94861780.6228352,,,66.2,0.09
Sao Tome And Principe,1997,145608.0,Africa,63.306,1339.076036,,91920274.2401657,,,59.6,0.09
Sao Tome And Principe,2002,170372.0,Africa,64.337,1353.09239,9.49860477,85171073.8777498,70.122877439146,,44.1,0.09
Sao Tome And Principe,2007,199579.0,Africa,65.528,1598.435089,7.00608587,149146918.888611,72.3598122085936,,29.6,0.15
Saudi Arabia,1952,4005677.0,Asia,39.875,6459.554823,,,,,,
Saudi Arabia,1957,4419650.0,Asia,42.868,8157.591248,,,,,,
Saudi Arabia,1962,4943029.0,Asia,45.914,11626.41975,,2130606531.77778,,,,2.13
Saudi Arabia,1967,5618198.0,Asia,49.901,16903.04886,,3257022222.66667,,,,3.26
Saudi Arabia,1972,6472756.0,Asia,53.886,24837.42865,,9664267086.60323,,,148.7,9.66
Saudi Arabia,1977,8128505.0,Asia,58.69,34167.7626,,74188986586.0629,,,105.7,74.19
Saudi Arabia,1982,11254672.0,Asia,63.012,33693.17525,,153240313858.323,,,74.8,153.24
Saudi Arabia,1987,14619745.0,Asia,66.295,21198.26136,,85695861148.1976,,,51.5,85.7
Saudi Arabia,1992,16945857.0,Asia,68.768,24841.61777,,137087850467.29,,70.8199996948242,34.6,137.09
Saudi Arabia,1997,21229759.0,Asia,70.533,20586.69019,,165963684913.218,,,24.1,165.96
Saudi Arabia,2002,24501530.0,Asia,71.626,19014.54118,4.2493763,189605866666.667,99.0755044509286,,17.5,189.61
Saudi Arabia,2007,27601038.0,Asia,72.777,21654.83194,3.56229162,415964509673.115,99.0674880275407,,12.7,415.96
Senegal,1952,2755589.0,Africa,37.278,1450.356983,,,,,,
Senegal,1957,3054547.0,Africa,39.329,1567.653006,,,,,,
Senegal,1962,3430243.0,Africa,41.454,1654.988723,,1085475790.59112,,,125.5,1.09
Senegal,1967,3965841.0,Africa,43.563,1612.404632,,1246480765.97984,,,123.5,1.25
Senegal,1972,4588696.0,Africa,45.815,1597.712056,,1620857103.53492,,,119.7,1.62
Senegal,1977,5260855.0,Africa,48.879,1561.769116,,2938046462.7098,,,106.2,2.94
Senegal,1982,6147783.0,Africa,52.379,1518.479984,,4013951442.67081,,,93.4,4.01
Senegal,1987,7171347.0,Africa,55.769,1441.72072,,6487353102.81483,,,79.6,6.49
Senegal,1992,8307920.0,Africa,58.196,1367.899369,,7769817839.95644,,,72.9,7.77
Senegal,1997,9535314.0,Africa,60.187,1392.368347,,6041478725.90443,,,77.2,6.04
Senegal,2002,10870037.0,Africa,61.6,1519.635262,3.95294404,7006402319.75856,62.0161291286122,39.2799987792969,66.4,7.01
Senegal,2007,12267493.0,Africa,63.062,1712.472136,3.41496587,13994218412.9619,68.0818461765574,,47.3,13.99
Serbia,1952,6860147.0,Europe,57.996,3581.459448,,,,,,
Serbia,1957,7271135.0,Europe,61.685,4981.090891,,,,,,
Serbia,1962,7616060.0,Europe,64.531,6289.629157,,,,,,
Serbia,1967,7971222.0,Europe,66.914,7991.707066,,,,,,
Serbia,1972,8313288.0,Europe,68.7,10522.06749,,,,,,
Serbia,1977,8686367.0,Europe,70.3,12980.66956,,,,,,
Serbia,1982,9032824.0,Europe,70.162,15181.0927,,,,,,
Serbia,1987,9230783.0,Europe,71.218,15870.87851,,,,,31.2,
Serbia,1992,9826397.0,Europe,71.659,9325.068238,,,,,21.3,
Serbia,1997,10336594.0,Europe,72.232,7914.320304,,27153408994.8074,,,13.4,27.15
Serbia,2002,10111559.0,Europe,73.213,7236.075251,7.24950886,17930583571.3055,89.3717200962522,,9.9,17.93
Serbia,2007,10150265.0,Europe,74.002,9786.534714,9.01782608,44888028946.0854,90.3705744496824,,7.1,44.89
Sierra Leone,1952,2143249.0,Africa,30.331,879.7877358,,,,,,
Sierra Leone,1957,2295678.0,Africa,31.57,1004.484437,,,,,,
Sierra Leone,1962,2467895.0,Africa,32.767,1116.639877,,342721416.490967,,,163.6,0.34
Sierra Leone,1967,2662190.0,Africa,34.113,1206.043465,,348795303.000385,,,156.8,0.35
Sierra Leone,1972,2879013.0,Africa,35.4,1353.759762,,465381339.740404,,,149.7,0.47
Sierra Leone,1977,3140897.0,Africa,36.788,1348.285159,,691777583.951156,,,144.0,0.69
Sierra Leone,1982,3464522.0,Africa,38.445,1465.010784,,1295361885.92419,,,139.3,1.3
Sierra Leone,1987,3868905.0,Africa,40.006,1294.447788,,660106336.104339,,,136.4,0.66
Sierra Leone,1992,4260884.0,Africa,38.333,1068.696278,,679940813.948366,,,134.8,0.68
Sierra Leone,1997,4578212.0,Africa,39.897,574.6481576,,850232760.017239,,,130.0,0.85
Sierra Leone,2002,5359092.0,Africa,41.012,699.489713,5.55388832,1933863910.73227,42.3564018737387,,118.2,1.93
Sierra Leone,2007,6144562.0,Africa,42.568,862.5407561,5.31662989,3632957611.35152,48.1563137689467,,102.3,3.63
Singapore,1952,1127000.0,Asia,60.396,2315.138227,,,,,,
Singapore,1957,1445929.0,Asia,63.179,2843.104409,,,,,,
Singapore,1962,1750200.0,Asia,65.798,3674.735572,,826239211.817511,,,30.8,0.83
Singapore,1967,1977600.0,Asia,67.946,4977.41854,,1238035815.78586,,,25.1,1.24
Singapore,1972,2152400.0,Asia,69.521,8597.756202,,2721440980.75851,,,19.3,2.72
Singapore,1977,2325300.0,Asia,70.795,11210.08948,,6618585073.66035,,,12.5,6.62
Singapore,1982,2651869.0,Asia,71.76,15169.16112,,16084252378.473,,,10.7,16.08
Singapore,1987,2794552.0,Asia,73.56,18861.53081,,20919215578.2125,,,7.8,20.92
Singapore,1992,3235865.0,Asia,75.788,24769.8912,,52131320032.8797,,,5.0,52.13
Singapore,1997,3802309.0,Asia,77.158,33519.4766,,100123787215.299,,,3.6,100.12
Singapore,2002,4197776.0,Asia,78.77,36023.1054,3.358464,92538372869.6942,100.0,,2.7,92.54
Singapore,2007,4553009.0,Asia,79.972,47143.17964,2.83749056,180941701357.97,100.0,,2.3,180.94
Slovak Republic,1952,3558137.0,Europe,64.36,5074.659104,,,,,,
Slovak Republic,1957,3844277.0,Europe,67.45,6093.26298,,,,,,
Slovak Republic,1962,4237384.0,Europe,70.33,7481.107598,,,,,28.1,
Slovak Republic,1967,4442238.0,Europe,70.98,8412.902397,,,,,25.8,
Slovak Republic,1972,4593433.0,Europe,70.35,9674.167626,,,,,24.9,
Slovak Republic,1977,4827803.0,Europe,70.45,10922.66404,,,,,22.1,
Slovak Republic,1982,5048043.0,Europe,70.8,11348.54585,,,,,18.1,
Slovak Republic,1987,5199318.0,Europe,71.08,12037.26758,,,,,14.3,
Slovak Republic,1992,5302888.0,Europe,71.38,9498.467723,,15699327209.2121,,,11.7,15.7
Slovak Republic,1997,5383010.0,Europe,72.71,12126.23065,,27844628979.2682,,,9.2,27.84
Slovak Republic,2002,5410052.0,Europe,73.8,13638.77837,5.51793909,35243658398.7546,97.9762727758847,,7.5,35.24
Slovak Republic,2007,5447502.0,Europe,74.663,18678.31435,7.17538357,86587749517.9724,97.9604813763943,,6.3,86.59
Slovenia,1952,1489518.0,Europe,65.57,4215.041741,,,,,,
Slovenia,1957,1533070.0,Europe,67.85,5862.276629,,,,,,
Slovenia,1962,1582962.0,Europe,69.15,7402.303395,,,,,,
Slovenia,1967,1646912.0,Europe,69.18,9405.489397,,,,,,
Slovenia,1972,1694510.0,Europe,69.82,12383.4862,,,,,,
Slovenia,1977,1746919.0,Europe,70.97,15277.03017,,,,,,
Slovenia,1982,1861252.0,Europe,71.063,17866.72175,,,,,14.5,
Slovenia,1987,1945870.0,Europe,72.25,18678.53492,,,,,10.8,
Slovenia,1992,1999210.0,Europe,73.64,14214.71681,,14277261540.7456,,,7.6,14.28
Slovenia,1997,2011612.0,Europe,75.13,17161.10735,,20726878751.5006,,,5.4,20.73
Slovenia,2002,2011497.0,Europe,76.66,20660.01936,8.11632538,23214593516.2095,99.679261121213,,4.1,23.21
Slovenia,2007,2009245.0,Europe,77.926,25768.25759,7.54076052,47880266542.577,99.6543404259254,,3.1,47.88
Somalia,1952,2526994.0,Africa,32.978,1135.749842,,,,,,
Somalia,1957,2780415.0,Africa,34.977,1258.147413,,,,,,
Somalia,1962,3080153.0,Africa,36.981,1369.488336,,,,,,
Somalia,1967,3428839.0,Africa,38.977,1284.73318,,,,,,
Somalia,1972,3840161.0,Africa,40.973,1254.576127,,,,,,
Somalia,1977,4353666.0,Africa,41.974,1450.992513,,,,,,
Somalia,1982,5828892.0,Africa,42.955,1176.807031,,,,,,
Somalia,1987,6921858.0,Africa,44.501,1093.244963,,,,,,
Somalia,1992,6099799.0,Africa,39.658,926.9602964,,,,,,
Somalia,1997,6633514.0,Africa,43.795,930.5964284,,,,,,
Somalia,2002,7753310.0,Africa,45.936,882.0818218,,,,,,
Somalia,2007,9118773.0,Africa,48.159,926.1410683,,,,,,
South Africa,1952,14264935.0,Africa,45.009,4725.295531,,,,,,
South Africa,1957,16151549.0,Africa,47.985,5487.104219,,,,,,
South Africa,1962,18356657.0,Africa,49.951,5768.729717,,9813996074.40157,,,,9.81
South Africa,1967,20997321.0,Africa,51.927,7114.477971,,15821393671.4425,,,,15.82
South Africa,1972,23935810.0,Africa,53.696,7765.962636,,24515919216.8851,,,,24.52
South Africa,1977,27129932.0,Africa,55.527,8028.651439,,45328411332.1028,,,102.6,45.33
South Africa,1982,31140029.0,Africa,58.161,8568.266228,,85904057409.3585,,,77.0,85.9
South Africa,1987,35933379.0,Africa,60.834,7825.823398,,96535763418.3729,,,59.9,96.54
South Africa,1992,39964159.0,Africa,61.888,7225.069258,,146956150986.636,,,48.6,146.96
South Africa,1997,42835005.0,Africa,60.236,7479.188244,,168978057327.73,,,45.3,168.98
South Africa,2002,44433622.0,Africa,53.365,7710.946444,6.67774487,129087556612.449,86.9757383414211,,47.6,129.09
South Africa,2007,43997828.0,Africa,49.339,9269.657808,6.90510845,333077117253.684,89.4320344752116,88.7200012207031,44.0,333.08
Spain,1952,28549870.0,Europe,64.94,3834.034742,,,,,,
Spain,1957,29841614.0,Europe,66.66,4564.80241,,,,,,
Spain,1962,31158061.0,Europe,69.69,5693.843879,,16609632790.5843,,,42.8,16.61
Spain,1967,32850275.0,Europe,71.44,7993.512294,,32570905397.2885,,,33.7,32.57
Spain,1972,34513161.0,Europe,73.06,10638.75131,,59090176028.993,,,23.6,59.09
Spain,1977,36439000.0,Europe,74.39,13236.92117,,132354665936.473,,,15.9,132.35
Spain,1982,37983310.0,Europe,76.3,13926.16997,,195856752991.065,,,10.7,195.86
Spain,1987,38880702.0,Europe,76.9,15764.98313,,318520253335.13,,,8.4,318.52
Spain,1992,39549438.0,Europe,77.57,18603.06452,,630465353486.104,,,6.7,630.47
Spain,1997,39855442.0,Europe,78.77,20445.29896,,589739772727.273,,,4.9,589.74
Spain,2002,40152517.0,Europe,79.78,24835.47166,6.79878616,708938227243.923,100.0,,4.1,708.94
Spain,2007,40448191.0,Europe,80.941,28821.0637,7.96241188,1476746276854.51,100.0,97.9400024414062,3.6,1476.75
Sri Lanka,1952,7982342.0,Asia,57.593,1083.53203,,,,,,
Sri Lanka,1957,9128546.0,Asia,61.456,1072.546602,,,,,,
Sri Lanka,1962,10421936.0,Asia,62.192,1074.47196,,1434156378.60082,,,54.3,1.43
Sri Lanka,1967,11737396.0,Asia,64.266,1135.514326,,1859465020.57613,,,50.7,1.86
Sri Lanka,1972,13016733.0,Asia,65.042,1213.39553,,2553936348.40871,,,47.7,2.55
Sri Lanka,1977,14116836.0,Asia,65.949,1348.775651,,4104509582.86359,,,41.0,4.1
Sri Lanka,1982,15410151.0,Asia,68.757,1648.079789,,4768765016.81884,,,28.7,4.77
Sri Lanka,1987,16495304.0,Asia,69.011,1876.766827,,6682167119.56522,,,18.8,6.68
Sri Lanka,1992,17587060.0,Asia,70.379,2153.739222,,9703011635.86585,,,17.9,9.7
Sri Lanka,1997,18698655.0,Asia,70.457,2664.477257,,15091913883.7091,,,14.9,15.09
Sri Lanka,2002,19576783.0,Asia,70.815,3015.378833,4.03715754,16536535647.0834,84.1981104690897,,12.4,16.54
Sri Lanka,2007,20378239.0,Asia,72.396,3970.095407,3.82258177,32350238760.4239,85.590756668861,,10.1,32.35
Sudan,1952,8504667.0,Africa,38.635,1615.991129,,,,,,
Sudan,1957,9753392.0,Africa,39.624,1770.337074,,,,,,
Sudan,1962,11183227.0,Africa,40.87,1959.593767,,1328259624.72217,,,92.3,1.33
Sudan,1967,12716129.0,Africa,42.858,1687.997641,,1607409539.36648,,,91.0,1.61
Sudan,1972,14597019.0,Africa,45.083,1659.652775,,2483055722.23738,,,91.2,2.48
Sudan,1977,17104986.0,Africa,47.8,2202.988423,,7499005639.37649,,,90.6,7.5
Sudan,1982,20367053.0,Africa,50.338,1895.544073,,8732542273.73424,,,89.6,8.73
Sudan,1987,24725960.0,Africa,51.744,1507.819159,,12093333333.3333,,,87.3,12.09
Sudan,1992,28227588.0,Africa,53.556,1492.197043,,7031933491.84899,,,82.6,7.03
Sudan,1997,32160729.0,Africa,55.373,1632.210764,,11681175864.3383,,,75.8,11.68
Sudan,2002,37090298.0,Africa,56.369,1993.398314,3.30010891,18137128388.3606,45.7703695906518,,66.7,18.14
Sudan,2007,42292929.0,Africa,58.556,2602.394995,5.66269159,59440139774.8128,48.6237396738538,,58.2,59.44
Swaziland,1952,290243.0,Africa,41.407,1148.376626,,,,,,
Swaziland,1957,326741.0,Africa,43.424,1244.708364,,,,,,
Swaziland,1962,370006.0,Africa,44.992,1856.182125,,,,,,
Swaziland,1967,420690.0,Africa,46.633,2613.101665,,,,,,
Swaziland,1972,480105.0,Africa,49.552,3364.836625,,,,,,
Swaziland,1977,551425.0,Africa,52.537,3781.410618,,,,,,
Swaziland,1982,649901.0,Africa,55.561,3895.384018,,,,,,
Swaziland,1987,779348.0,Africa,57.678,3984.839812,,,,,,
Swaziland,1992,962344.0,Africa,58.474,3553.0224,,,,,,
Swaziland,1997,1054486.0,Africa,54.289,3876.76846,,,,,,
Swaziland,2002,1130269.0,Africa,43.869,4128.116943,,,,,,
Swaziland,2007,1133066.0,Africa,39.613,4513.480643,,,,,,
Sweden,1952,7124673.0,Europe,71.86,8527.844662,,,,,,
Sweden,1957,7363802.0,Europe,72.49,9911.878226,,,,,,
Sweden,1962,7561588.0,Europe,73.37,12329.44192,,18794066990.0612,,,15.6,18.79
Sweden,1967,7867931.0,Europe,74.16,15258.29697,,29474881505.9928,,,12.6,29.47
Sweden,1972,8122293.0,Europe,74.72,17832.02464,,48883173399.9664,,,10.4,48.88
Sweden,1977,8251648.0,Europe,75.44,18855.72521,,94331782622.2778,,,8.0,94.33
Sweden,1982,8325260.0,Europe,76.42,20667.38125,,114214731798.937,,,6.8,114.21
Sweden,1987,8421403.0,Europe,77.19,23586.92927,,182744315973.756,,,6.3,182.74
Sweden,1992,8718867.0,Europe,78.16,23880.01683,,283908914454.48,,,5.2,283.91
Sweden,1997,8897619.0,Europe,79.39,25266.59499,,268249616890.856,,,3.6,268.25
Sweden,2002,8954175.0,Europe,80.04,29341.63093,8.18597412,267371907446.776,99.5085347124105,,3.3,267.37
Sweden,2007,9031088.0,Europe,80.884,33859.74835,7.9882226,490047789548.441,99.5698405523295,,2.7,490.05
Switzerland,1952,4815000.0,Europe,69.62,14734.23275,,,,,,
Switzerland,1957,5126000.0,Europe,70.56,17909.48973,,,,,,
Switzerland,1962,5666000.0,Europe,71.32,20431.0927,,12989649694.2812,,,20.7,12.99
Switzerland,1967,6063000.0,Europe,72.77,22966.14432,,19397044714.0963,,,16.9,19.4
Switzerland,1972,6401400.0,Europe,73.78,27195.11304,,36844318854.2403,,,13.6,36.84
Switzerland,1977,6316424.0,Europe,75.39,26982.29052,,73135771167.048,,,9.8,73.14
Switzerland,1982,6468126.0,Europe,76.21,28397.71512,,115043365512.486,,,7.8,115.04
Switzerland,1987,6649942.0,Europe,77.41,30281.70459,,199236370037.554,,,7.1,199.24
Switzerland,1992,6995447.0,Europe,78.03,31871.5303,,279921425828.474,,,6.1,279.92
Switzerland,1997,7193761.0,Europe,79.37,32135.32301,,294788198856.198,,,4.9,294.79
Switzerland,2002,7361757.0,Europe,80.62,34480.95771,9.88000107,309301422430.386,100.0,,4.5,309.3
Switzerland,2007,7554661.0,Europe,81.701,37506.41907,9.41693783,490740715594.802,99.9999997540921,,4.1,490.74
Syria,1952,3661549.0,Asia,45.883,1643.485354,,,,,,
Syria,1957,4149908.0,Asia,48.284,2117.234893,,,,,,
Syria,1962,4834621.0,Asia,50.305,2193.037133,,,,,,
Syria,1967,5680812.0,Asia,53.655,1881.923632,,,,,,
Syria,1972,6701172.0,Asia,57.296,2571.423014,,,,,,
Syria,1977,7932503.0,Asia,61.195,3195.484582,,,,,,
Syria,1982,9410494.0,Asia,64.59,3761.837715,,,,,,
Syria,1987,11242847.0,Asia,66.974,3116.774285,,,,,,
Syria,1992,13219062.0,Asia,69.249,3340.542768,,,,,,
Syria,1997,15081016.0,Asia,71.527,4014.238972,,,,,,
Syria,2002,17155814.0,Asia,73.053,4090.925331,,,,,,
Syria,2007,19314747.0,Asia,74.143,4184.548089,,,,,,
Taiwan,1952,8550362.0,Asia,58.5,1206.947913,,,,,,
Taiwan,1957,10164215.0,Asia,62.4,1507.86129,,,,,,
Taiwan,1962,11918938.0,Asia,65.2,1822.879028,,,,,,
Taiwan,1967,13648692.0,Asia,67.5,2643.858681,,,,,,
Taiwan,1972,15226039.0,Asia,69.39,4062.523897,,,,,,
Taiwan,1977,16785196.0,Asia,70.59,5596.519826,,,,,,
Taiwan,1982,18501390.0,Asia,72.16,7426.354774,,,,,,
Taiwan,1987,19757799.0,Asia,73.4,11054.56175,,,,,,
Taiwan,1992,20686918.0,Asia,74.26,15215.6579,,,,,,
Taiwan,1997,21628605.0,Asia,75.25,20206.82098,,,,,,
Taiwan,2002,22454239.0,Asia,76.99,23235.42329,,,,,,
Taiwan,2007,23174294.0,Asia,78.4,28718.27684,,,,,,
Tanzania,1952,8322925.0,Africa,41.215,716.6500721,,,,,,
Tanzania,1957,9452826.0,Africa,42.974,698.5356073,,,,,,
Tanzania,1962,10863958.0,Africa,44.246,722.0038073,,3101589992.664,,,121.4,3.1
Tanzania,1967,12607312.0,Africa,45.757,848.2186575,,4565132047.52718,,,118.3,4.57
Tanzania,1972,14706593.0,Africa,47.62,915.9850592,,3472787266.0964,,,113.2,3.47
Tanzania,1977,17129565.0,Africa,49.919,962.4922932,,7732598995.10303,,,106.7,7.73
Tanzania,1982,19844382.0,Africa,50.608,874.2426069,,13927383239.8322,,,106.5,13.93
Tanzania,1987,23040630.0,Africa,51.535,831.8220794,,7824193222.11908,,,108.8,7.82
Tanzania,1992,26605473.0,Africa,50.44,825.682454,,6681997469.31292,,,104.4,6.68
Tanzania,1997,30686889.0,Africa,48.466,789.1862231,,11158197941.9152,,,96.8,11.16
Tanzania,2002,34593779.0,Africa,49.651,899.0742111,4.68907642,14129651895.6911,31.1241267343725,69.4300003051758,75.3,14.13
Tanzania,2007,38139640.0,Africa,52.517,1107.482182,6.88427973,21860434823.4808,38.4195983532873,,55.5,21.86
Thailand,1952,21289402.0,Asia,50.848,757.7974177,,,,,,
Thailand,1957,25041917.0,Asia,53.63,793.5774148,,,,,,
Thailand,1962,29263397.0,Asia,56.061,1002.199172,,3308912796.93487,,,106.1,3.31
Thailand,1967,34024249.0,Asia,58.285,1295.46066,,5638461442.30769,,,89.1,5.64
Thailand,1972,39276153.0,Asia,60.405,1524.358936,,8177873151.04224,,,71.7,8.18
Thailand,1977,44148285.0,Asia,62.494,1961.224635,,19779312261.3155,,,56.7,19.78
Thailand,1982,48827160.0,Asia,64.597,2393.219781,,36589772403.7566,,,45.5,36.59
Thailand,1987,52910342.0,Asia,66.084,2982.653773,,50535446554.8769,,,36.2,50.54
Thailand,1992,56667095.0,Asia,67.298,4616.896545,,111452746517.655,,,27.6,111.45
Thailand,1997,60216677.0,Asia,67.521,5852.625497,,150180456565.728,,,21.3,150.18
Thailand,2002,62806748.0,Asia,68.564,5913.187529,3.334723,134300904400.022,94.4998959008986,,16.6,134.3
Thailand,2007,65068149.0,Asia,70.616,7458.396327,3.19277525,262942621455.053,96.1916628762461,,13.4,262.94
Togo,1952,1219113.0,Africa,38.596,859.8086567,,,,,,
Togo,1957,1357445.0,Africa,41.208,925.9083202,,,,,,
Togo,1962,1528098.0,Africa,43.922,1067.53481,,186745757.859216,,,132.6,0.19
Togo,1967,1735550.0,Africa,46.769,1477.59676,,327215843.636336,,,126.1,0.33
Togo,1972,2056351.0,Africa,49.759,1649.660188,,474043921.843537,,,116.9,0.47
Togo,1977,2308582.0,Africa,52.887,1532.776998,,1097893825.98815,,,106.5,1.1
Togo,1982,2644765.0,Africa,55.471,1344.577953,,1160337039.38068,,,96.3,1.16
Togo,1987,3154264.0,Africa,56.941,1202.201361,,1763978065.8368,,,88.5,1.76
Togo,1992,3747553.0,Africa,58.061,1034.298904,,2390796915.91958,,,83.5,2.39
Togo,1997,4320890.0,Africa,58.39,982.2869243,,2116818622.95834,,,76.6,2.12
Togo,2002,4977378.0,Africa,57.561,886.2205765,3.44502354,2410199032.43102,48.548643782428,,66.7,2.41
Togo,2007,5701579.0,Africa,58.42,882.9699438,3.67734432,3759962853.26476,53.7264798079458,,57.7,3.76
Trinidad And Tobago,1952,662850.0,Americas,59.1,3023.271928,,,,,,
Trinidad And Tobago,1957,764900.0,Americas,61.8,4100.3934,,,,,,
Trinidad And Tobago,1962,887498.0,Americas,64.9,4997.523971,,619322810.026308,,,59.0,0.62
Trinidad And Tobago,1967,960155.0,Americas,65.4,5621.368472,,761981912.42271,,,51.1,0.76
Trinidad And Tobago,1972,975199.0,Americas,65.9,6619.551419,,1083391757.89486,,,45.6,1.08
Trinidad And Tobago,1977,1039009.0,Americas,68.3,7899.554209,,3138666666.66667,,,40.0,3.14
Trinidad And Tobago,1982,1116479.0,Americas,68.832,9119.528607,,8140416666.66667,,,34.8,8.14
Trinidad And Tobago,1987,1191336.0,Americas,69.582,7388.597823,,4797777777.77778,,,31.0,4.8
Trinidad And Tobago,1992,1183669.0,Americas,69.862,7370.990932,,5439552941.17647,,,28.6,5.44
Trinidad And Tobago,1997,1138101.0,Americas,69.465,8792.573126,,5737771523.10148,,,27.2,5.74
Trinidad And Tobago,2002,1101832.0,Americas,68.976,11460.60023,4.72302485,9008298228.60273,,,25.6,9.01
Trinidad And Tobago,2007,1056608.0,Americas,69.819,18008.50924,4.1536026,21641620049.9352,97.3100621994255,,23.7,21.64
Tunisia,1952,3647735.0,Africa,44.6,1468.475631,,,,,,
Tunisia,1957,3950849.0,Africa,47.1,1395.232468,,,,,,
Tunisia,1962,4286552.0,Africa,49.579,1660.30321,,880027733.333333,,,162.5,0.88
Tunisia,1967,4786986.0,Africa,52.053,1932.360167,,1085714285.71429,,,130.5,1.09
Tunisia,1972,5303507.0,Africa,55.602,2753.285994,,2237556148.51085,,,101.6,2.24
Tunisia,1977,6005061.0,Africa,59.837,3120.876811,,5109324009.32401,,,74.7,5.11
Tunisia,1982,6734098.0,Africa,64.048,3560.233174,,8133580051.70251,,,54.3,8.13
Tunisia,1987,7724976.0,Africa,66.894,3810.419296,,9696715910.70907,,,41.7,9.7
Tunisia,1992,8523077.0,Africa,70.001,4332.720164,,15496708060.4184,,,34.9,15.5
Tunisia,1997,9231669.0,Africa,71.973,4876.798614,,20746210353.845,,,28.2,20.75
Tunisia,2002,9770575.0,Africa,73.042,5722.895655,5.12036419,23141616604.5242,88.1389782075232,,21.6,23.14
Tunisia,2007,10276158.0,Africa,73.923,7092.923025,5.17542839,38915353866.757,89.4569801310422,77.1900024414062,17.7,38.92
Turkey,1952,22235677.0,Europe,43.585,1969.10098,,,,,,
Turkey,1957,25670939.0,Europe,48.079,2218.754257,,,,,,
Turkey,1962,29788695.0,Europe,52.098,2322.869908,,,,,,
Turkey,1967,33411317.0,Europe,54.336,2826.356387,,,,,,
Turkey,1972,37492953.0,Europe,57.005,3450.69638,,,,,,
Turkey,1977,42404033.0,Europe,59.507,4269.122326,,,,,,
Turkey,1982,47328791.0,Europe,61.036,4241.356344,,,,,,
Turkey,1987,52881328.0,Europe,63.108,5089.043686,,,,,,
Turkey,1992,58179144.0,Europe,66.146,5678.348271,,,,,,
Turkey,1997,63047647.0,Europe,68.835,6601.429915,,,,,,
Turkey,2002,67308928.0,Europe,70.845,6508.085718,,,,,,
Turkey,2007,71158647.0,Europe,71.777,8458.276384,,,,,,
Uganda,1952,5824797.0,Africa,39.978,734.753484,,,,,,
Uganda,1957,6675501.0,Africa,42.571,774.3710692,,,,,,
Uganda,1962,7688797.0,Africa,45.344,767.2717398,,449158233.391351,,,120.7,0.45
Uganda,1967,8900294.0,Africa,48.051,908.9185217,,967240655.186896,,,112.7,0.97
Uganda,1972,10190285.0,Africa,51.016,950.735869,,1490970180.59639,,,110.0,1.49
Uganda,1977,11457758.0,Africa,50.35,843.7331372,,2936470588.23529,,,121.7,2.94
Uganda,1982,12939400.0,Africa,49.849,682.2662268,,2177500000.0,,,125.8,2.18
Uganda,1987,15283050.0,Africa,51.509,617.7244065,,6269522042.11556,,,112.2,6.27
Uganda,1992,18252190.0,Africa,48.825,644.1707969,,2857457761.90922,,,102.6,2.86
Uganda,1997,21210254.0,Africa,44.578,816.559081,,6269333313.17108,,,96.4,6.27
Uganda,2002,24739869.0,Africa,47.813,927.7210018,4.77136898,6178563591.12051,28.8504493952135,68.1399993896484,81.2,6.18
Uganda,2007,29170398.0,Africa,51.542,1056.380121,6.11309004,11902564494.8833,35.824381726143,,58.9,11.9
United Kingdom,1952,50430000.0,Europe,69.18,9979.508487,,,,,,
United Kingdom,1957,51430000.0,Europe,70.42,11283.17795,,,,,,
United Kingdom,1962,53292000.0,Europe,70.76,12477.17707,,81247564156.8246,,,22.1,81.25
United Kingdom,1967,54959000.0,Europe,71.36,14142.85089,,113116888210.787,,,19.1,113.12
United Kingdom,1972,56079000.0,Europe,72.01,15895.11641,,169965034965.035,,,17.2,169.97
United Kingdom,1977,56179000.0,Europe,72.76,17428.74846,,263066457352.172,,,14.1,263.07
United Kingdom,1982,56339704.0,Europe,74.04,18232.42452,,515048916841.37,,,10.8,515.05
United Kingdom,1987,56981620.0,Europe,75.007,21664.78767,,745162608269.325,,,9.1,745.16
United Kingdom,1992,57866349.0,Europe,76.42,22705.09254,,1179659529659.53,,,6.9,1179.66
United Kingdom,1997,58808266.0,Europe,77.218,26074.53136,,1569317288801.57,,,5.8,1569.32
United Kingdom,2002,59912431.0,Europe,78.471,29478.99919,7.85946798,1790536570743.41,100.0,,5.4,1790.54
United Kingdom,2007,60776238.0,Europe,79.425,33203.26128,8.76035309,3104699879951.98,99.9999991747697,,4.9,3104.7
United States,1952,157553000.0,Americas,68.44,13990.48208,,,,,,
United States,1957,171984000.0,Americas,69.49,14847.12712,,,,,,
United States,1962,186538000.0,Americas,70.21,16173.14586,,603639413793.103,,,25.0,603.64
United States,1967,198712000.0,Americas,70.76,19530.36557,,859620034482.759,,,22.1,859.62
United States,1972,209896000.0,Americas,71.34,21806.03594,,1279110000000.0,,,18.3,1279.11
United States,1977,220239000.0,Americas,73.38,24072.63213,,2081826000000.0,,,14.4,2081.83
United States,1982,232187835.0,Americas,74.65,25009.55914,,3343789000000.0,,,11.6,3343.79
United States,1987,242803533.0,Americas,75.02,29884.35041,,4855215000000.0,,,10.1,4855.22
United States,1992,256894189.0,Americas,76.09,32003.93224,,6520327000000.0,,,8.8,6520.33
United States,1997,272911760.0,Americas,76.81,35767.43303,,8577554457000.0,,,7.5,8577.55
United States,2002,287675526.0,Americas,77.31,39097.09955,13.99535275,10929112955000.0,,,7.0,10929.11
United States,2007,301139947.0,Americas,78.242,42951.65309,14.91832542,14474226905000.0,98.9106080907842,,6.6,14474.23
Uruguay,1952,2252965.0,Americas,66.071,5716.766744,,,,,,
Uruguay,1957,2424959.0,Americas,67.044,6150.772969,,,,,,
Uruguay,1962,2598466.0,Americas,68.253,5603.357717,,1710004407.22785,,,54.3,1.71
Uruguay,1967,2748579.0,Americas,68.468,5444.61962,,1597713469.09611,,,51.3,1.6
Uruguay,1972,2829526.0,Americas,68.673,5703.408898,,2189418688.80408,,,48.0,2.19
Uruguay,1977,2873520.0,Americas,69.481,6504.339663,,4114670014.3472,,,46.6,4.11
Uruguay,1982,2953997.0,Americas,70.805,6920.223051,,9178780076.99713,,,29.4,9.18
Uruguay,1987,3045153.0,Americas,71.918,7452.398969,,7367494080.40014,,,23.1,7.37
Uruguay,1992,3149262.0,Americas,72.752,8137.004775,,12878148790.7348,,,20.0,12.88
Uruguay,1997,3262838.0,Americas,74.223,9230.240708,,23969739233.8966,,,16.8,23.97
Uruguay,2002,3363085.0,Americas,75.307,7727.002004,9.64023018,13606515722.5864,97.1962111279597,,14.0,13.61
Uruguay,2007,3447496.0,Americas,76.384,10611.46299,7.46167231,23797773024.3992,97.9057149846883,97.8600006103516,10.9,23.8
Venezuela,1952,5439568.0,Americas,55.088,7689.799761,,,,,,
Venezuela,1957,6702668.0,Americas,57.907,9802.466526,,,,,,
Venezuela,1962,8143375.0,Americas,60.77,8422.974165,,,,,,
Venezuela,1967,9709552.0,Americas,63.479,9541.474188,,,,,,
Venezuela,1972,11515649.0,Americas,65.712,10505.25966,,,,,,
Venezuela,1977,13503563.0,Americas,67.456,13143.95095,,,,,,
Venezuela,1982,15620766.0,Americas,68.557,11152.41011,,,,,,
Venezuela,1987,17910182.0,Americas,70.19,9883.584648,,,,,,
Venezuela,1992,20265563.0,Americas,71.15,10733.92631,,,,,,
Venezuela,1997,22374398.0,Americas,72.146,10165.49518,,,,,,
Venezuela,2002,24287670.0,Americas,72.766,8605.047831,,,,,,
Venezuela,2007,26084662.0,Americas,73.747,11415.80569,,,,,,
Vietnam,1952,26246839.0,Asia,40.412,605.0664917,,,,,,
Vietnam,1957,28998543.0,Asia,42.887,676.2854478,,,,,,
Vietnam,1962,33796140.0,Asia,45.363,772.0491602,,,,,,
Vietnam,1967,39463910.0,Asia,47.838,637.1232887,,,,,,
Vietnam,1972,44655014.0,Asia,50.254,699.5016441,,,,,,
Vietnam,1977,50533506.0,Asia,55.764,713.5371196,,,,,,
Vietnam,1982,56142181.0,Asia,58.816,707.2357863,,,,,,
Vietnam,1987,62826491.0,Asia,62.82,820.7994449,,,,,,
Vietnam,1992,69940728.0,Asia,67.662,989.0231487,,,,,,
Vietnam,1997,76048996.0,Asia,70.672,1385.896769,,,,,,
Vietnam,2002,80908147.0,Asia,73.017,1764.456677,,,,,,
Vietnam,2007,85262356.0,Asia,74.249,2441.576404,,,,,,
West Bank And Gaza,1952,1030585.0,Asia,43.16,1515.592329,,,,,,
West Bank And Gaza,1957,1070439.0,Asia,45.671,1827.067742,,,,,,
West Bank And Gaza,1962,1133134.0,Asia,48.127,2198.956312,,,,,,
West Bank And Gaza,1967,1142636.0,Asia,51.631,2649.715007,,,,,,
West Bank And Gaza,1972,1089572.0,Asia,56.532,3133.409277,,,,,,
West Bank And Gaza,1977,1261091.0,Asia,60.765,3682.831494,,,,,83.5,
West Bank And Gaza,1982,1425876.0,Asia,64.406,4336.032082,,,,,61.5,
West Bank And Gaza,1987,1691210.0,Asia,67.046,5107.197384,,,,,45.9,
West Bank And Gaza,1992,2104779.0,Asia,69.718,6017.654756,,,,,35.7,
West Bank And Gaza,1997,2826046.0,Asia,71.096,7110.667619,,3759800000.0,,86.0800018310547,29.2,3.76
West Bank And Gaza,2002,3389578.0,Asia,72.37,4515.487575,11.04674053,3555800000.0,93.3711212063226,,24.8,3.56
West Bank And Gaza,2007,4018332.0,Asia,73.422,3025.349798,9.58784008,5815700000.0,95.7922178892891,93.7600021362305,21.1,5.82
Yemen Rep.,1952,4963829.0,Asia,32.548,781.7175761,,,,,,
Yemen Rep.,1957,5498090.0,Asia,33.97,804.8304547,,,,,,
Yemen Rep.,1962,6120081.0,Asia,35.18,825.6232006,,,,,,
Yemen Rep.,1967,6740785.0,Asia,36.984,862.4421463,,,,,,
Yemen Rep.,1972,7407075.0,Asia,39.848,1265.047031,,,,,,
Yemen Rep.,1977,8403990.0,Asia,44.175,1829.765177,,,,,,
Yemen Rep.,1982,9657618.0,Asia,49.113,1977.55701,,,,,,
Yemen Rep.,1987,11219340.0,Asia,52.922,1971.741538,,,,,,
Yemen Rep.,1992,13367997.0,Asia,55.599,1879.496673,,,,,,
Yemen Rep.,1997,15826497.0,Asia,58.02,2117.484526,,,,,,
Yemen Rep.,2002,18701257.0,Asia,60.308,2234.820827,,,,,,
Yemen Rep.,2007,22211743.0,Asia,62.698,2280.769906,,,,,,
Zambia,1952,2672000.0,Africa,42.038,1147.388831,,,,,,
Zambia,1957,3016000.0,Africa,44.077,1311.956766,,,,,,
Zambia,1962,3421000.0,Africa,46.023,1452.725766,,679279728.55982,,,96.9,0.68
Zambia,1967,3900000.0,Africa,47.768,1777.077318,,1340639464.28047,,,94.6,1.34
Zambia,1972,4506497.0,Africa,50.107,1773.498265,,1872416680.07912,,,87.6,1.87
Zambia,1977,5216550.0,Africa,51.386,1588.688299,,2515296939.60686,,,81.1,2.52
Zambia,1982,6100407.0,Africa,51.821,1408.678565,,3871117092.86676,,,85.2,3.87
Zambia,1987,7272406.0,Africa,50.821,1213.315116,,2265250972.34879,,,97.5,2.27
Zambia,1992,8381163.0,Africa,46.1,1210.884633,,3182810841.01704,,,102.4,3.18
Zambia,1997,9417789.0,Africa,40.238,1071.353818,,4303288479.7086,,,95.6,4.3
Zambia,2002,10595811.0,Africa,39.193,1071.613938,5.88845205,4193850445.42632,48.5669310132522,69.1500015258789,78.7,4.19
Zambia,2007,11746035.0,Africa,42.384,1271.211593,4.55994081,14056957976.2648,54.6025079939217,,54.3,14.06
Zimbabwe,1952,3080907.0,Africa,48.451,406.8841148,,,,,,
Zimbabwe,1957,3646340.0,Africa,50.469,518.7642681,,,,,,
Zimbabwe,1962,4277736.0,Africa,52.358,527.2721818,,1118172225.65019,,,76.9,1.12
Zimbabwe,1967,4995432.0,Africa,53.995,569.7950712,,1397715282.06274,,,69.5,1.4
Zimbabwe,1972,5861135.0,Africa,55.635,799.3621758,,2679096596.57517,,,68.1,2.68
Zimbabwe,1977,6642107.0,Africa,57.674,685.5876821,,4366610468.65438,,,73.6,4.37
Zimbabwe,1982,7636524.0,Africa,60.363,788.8550411,,8544060905.16113,,77.7900009155273,73.4,8.54
Zimbabwe,1987,9216418.0,Africa,62.351,706.1573059,,6744657033.37727,,,58.1,6.74
Zimbabwe,1992,10704340.0,Africa,60.377,693.4207856,,6755000000.0,,83.5100021362305,53.7,6.76
Zimbabwe,1997,11404948.0,Africa,46.809,792.4499603,,8534000000.0,,,62.2,8.53
Zimbabwe,2002,11926563.0,Africa,39.989,672.0386227,,6345250000.0,68.2658520764718,,58.7,6.35
Zimbabwe,2007,12311143.0,Africa,43.487,469.7092981,,5294750000.0,67.943621136193,,68.8,5.29
